Workbook

Sheet Tushum va Harajatlar
A2: No | B2: No ID | C2: sana | D2: Proeyekt nomi | E2: Tushum nomi | F2: Harajat nomi | G2: Buyurtmachi | H2: Mas'ul | I2: kimga tolangani | J2: Hujjat ID | K2: Shartnoma (USD) | L2: Shartnoma (UZS) | M2: Summa (USD) | N2: Summa (UZS) | O2: Qoldiq (USD) | P2: Qoldiq (UZS) | Q2: To'lov turi | R2: Kategoriya | S2: Muddat | T2: Status | U2: sharx
A3: 1 | B3: PRJ-001 | C3: 44750 | D3: Toshkent City Tower | E3: Toshkent City Tower — avans 40% | G3: Toshkent Invest LLC | H3: Aliyev Sardor | I3: Karimov Sherzod | J3: SH-001 | K3: =IF(L3=0,0,L3/LOOKUP(C3,Settings!$F$5:$F$20,Settings!$G$5:$G$20)) -> 78341.014 | L3: 850000000 | M3: =IF(N3=0,0,N3/LOOKUP(C3,Settings!$F$5:$F$20,Settings!$G$5:$G$20)) -> 31336.406 | N3: 340000000 | O3: =K3-M3 -> 47004.608 | P3: =L3-N3 -> 510000000 | Q3: Bank o'tkazmasi | R3: Tushum | S3: 44780 | T3: To'langan | U3: Avans 40%
A4: 2 | B4: PRJ-002 | C4: 44786 | D4: Samarqand Hotel | E4: Samarqand Hotel — avans 40% | G4: Silk Road Hotels | H4: Karimov Davron | I4: Muxammadiyev Baxtiyor | J4: SH-002 | K4: =IF(L4=0,0,L4/LOOKUP(C4,Settings!$F$5:$F$20,Settings!$G$5:$G$20)) -> 110599.08 | L4: 1200000000 | M4: =IF(N4=0,0,N4/LOOKUP(C4,Settings!$F$5:$F$20,Settings!$G$5:$G$20)) -> 44239.631 | N4: 480000000 | O4: =K4-M4 -> 66359.447 | P4: =L4-N4 -> 720000000 | Q4: Bank o'tkazmasi | R4: Tushum | S4: 44816 | T4: To'langan | U4: Avans 40%
A5: 3 | B5: PRJ-001 | C5: 44796 | D5: Toshkent City Tower | E5: Toshkent City Tower — 2-to'lov 30% | G5: Toshkent Invest LLC | H5: Aliyev Sardor | I5: Karimov Sherzod | J5: SH-001 | K5: =IF(L5=0,0,L5/LOOKUP(C5,Settings!$F$5:$F$20,Settings!$G$5:$G$20)) -> 78341.014 | L5: 850000000 | M5: =IF(N5=0,0,N5/LOOKUP(C5,Settings!$F$5:$F$20,Settings!$G$5:$G$20)) -> 23502.304 | N5: 255000000 | O5: =K5-M5 -> 54838.71 | P5: =L5-N5 -> 595000000 | Q5: Bank o'tkazmasi | R5: Tushum | S5: 44811 | T5: To'langan | U5: 2-bosqich 30%
A6: 4 | B6: PRJ-003 | C6: 44843 | D6: Buxoro Madaniyat Markazi | E6: Buxoro Madaniyat Markazi — avans 40% | G6: Buxoro Hokimligi | H6: Rahimov Jasur | I6: Xasanov Nodir | J6: SH-003 | K6: =IF(L6=0,0,L6/LOOKUP(C6,Settings!$F$5:$F$20,Settings!$G$5:$G$20)) -> 58823.529 | L6: 650000000 | M6: =IF(N6=0,0,N6/LOOKUP(C6,Settings!$F$5:$F$20,Settings!$G$5:$G$20)) -> 23529.412 | N6: 260000000 | O6: =K6-M6 -> 35294.118 | P6: =L6-N6 -> 390000000 | Q6: Bank o'tkazmasi | R6: Tushum | S6: 44873 | T6: To'langan | U6: Avans 40%
A7: 5 | B7: PRJ-002 | C7: 44846 | D7: Samarqand Hotel | E7: Samarqand Hotel — 2-to'lov 30% | G7: Silk Road Hotels | H7: Karimov Davron | I7: Muxammadiyev Baxtiyor | J7: SH-002 | K7: =IF(L7=0,0,L7/LOOKUP(C7,Settings!$F$5:$F$20,Settings!$G$5:$G$20)) -> 108597.29 | L7: 1200000000 | M7: =IF(N7=0,0,N7/LOOKUP(C7,Settings!$F$5:$F$20,Settings!$G$5:$G$20)) -> 32579.186 | N7: 360000000 | O7: =K7-M7 -> 76018.1 | P7: =L7-N7 -> 840000000 | Q7: Bank o'tkazmasi | R7: Tushum | S7: 44861 | T7: To'langan | U7: 2-bosqich 30%
A8: 6 | B8: PRJ-003 | C8: 44894 | D8: Buxoro Madaniyat Markazi | E8: Buxoro Madaniyat Markazi — 2-to'lov 30% | G8: Buxoro Hokimligi | H8: Rahimov Jasur | I8: Xasanov Nodir | J8: SH-003 | K8: =IF(L8=0,0,L8/LOOKUP(C8,Settings!$F$5:$F$20,Settings!$G$5:$G$20)) -> 58823.529 | L8: 650000000 | M8: =IF(N8=0,0,N8/LOOKUP(C8,Settings!$F$5:$F$20,Settings!$G$5:$G$20)) -> 17647.059 | N8: 195000000 | O8: =K8-M8 -> 41176.471 | P8: =L8-N8 -> 455000000 | Q8: Bank o'tkazmasi | R8: Tushum | S8: 44909 | T8: To'langan | U8: 2-bosqich 30%
A9: 7 | B9: PRJ-004 | C9: 44902 | D9: Chilonzor Turar-joy | E9: Chilonzor Turar-joy — avans 40% | G9: Ideal House LLC | H9: Aliyev Sardor | I9: Abdullayev Ravshan | J9: SH-004 | K9: =IF(L9=0,0,L9/LOOKUP(C9,Settings!$F$5:$F$20,Settings!$G$5:$G$20)) -> 38009.05 | L9: 420000000 | M9: =IF(N9=0,0,N9/LOOKUP(C9,Settings!$F$5:$F$20,Settings!$G$5:$G$20)) -> 15203.62 | N9: 168000000 | O9: =K9-M9 -> 22805.43 | P9: =L9-N9 -> 252000000 | Q9: Bank o'tkazmasi | R9: Tushum | S9: 44932 | T9: To'langan | U9: Avans 40%
A10: 8 | B10: PRJ-001 | C10: 44903 | D10: Toshkent City Tower | E10: Toshkent City Tower — yakuniy 30% | G10: Toshkent Invest LLC | H10: Aliyev Sardor | I10: Karimov Sherzod | J10: SH-001 | K10: =IF(L10=0,0,L10/LOOKUP(C10,Settings!$F$5:$F$20,Settings!$G$5:$G$20)) -> 76923.077 | L10: 850000000 | M10: =IF(N10=0,0,N10/LOOKUP(C10,Settings!$F$5:$F$20,Settings!$G$5:$G$20)) -> 23076.923 | N10: 255000000 | O10: =K10-M10 -> 53846.154 | P10: =L10-N10 -> 595000000 | Q10: Bank o'tkazmasi | R10: Tushum | S10: 44933 | T10: To'langan | U10: Yakuniy 30%
A11: 9 | B11: PRJ-002 | C11: 44920 | D11: Samarqand Hotel | E11: Samarqand Hotel — yakuniy 30% | G11: Silk Road Hotels | H11: Karimov Davron | I11: Muxammadiyev Baxtiyor | J11: SH-002 | K11: =IF(L11=0,0,L11/LOOKUP(C11,Settings!$F$5:$F$20,Settings!$G$5:$G$20)) -> 108597.29 | L11: 1200000000 | M11: =IF(N11=0,0,N11/LOOKUP(C11,Settings!$F$5:$F$20,Settings!$G$5:$G$20)) -> 32579.186 | N11: 360000000 | O11: =K11-M11 -> 76018.1 | P11: =L11-N11 -> 840000000 | Q11: Bank o'tkazmasi | R11: Tushum | S11: 44950 | T11: To'langan | U11: Yakuniy 30%
A12: 10 | B12: PRJ-005 | C12: 44963 | D12: Nukus Biznes Markazi | E12: Nukus Biznes Markazi — avans 40% | G12: Nukus Development | H12: Karimov Davron | I12: Qoraboyev Otabek | J12: SH-005 | K12: =IF(L12=0,0,L12/LOOKUP(C12,Settings!$F$5:$F$20,Settings!$G$5:$G$20)) -> 33928.571 | L12: 380000000 | M12: =IF(N12=0,0,N12/LOOKUP(C12,Settings!$F$5:$F$20,Settings!$G$5:$G$20)) -> 13571.429 | N12: 152000000 | O12: =K12-M12 -> 20357.143 | P12: =L12-N12 -> 228000000 | Q12: Bank o'tkazmasi | R12: Tushum | S12: 44993 | T12: To'langan | U12: Avans 40%
A13: 11 | B13: PRJ-004 | C13: 44984 | D13: Chilonzor Turar-joy | E13: Chilonzor Turar-joy — 2-to'lov 30% | G13: Ideal House LLC | H13: Aliyev Sardor | I13: Abdullayev Ravshan | J13: SH-004 | K13: =IF(L13=0,0,L13/LOOKUP(C13,Settings!$F$5:$F$20,Settings!$G$5:$G$20)) -> 37500 | L13: 420000000 | M13: =IF(N13=0,0,N13/LOOKUP(C13,Settings!$F$5:$F$20,Settings!$G$5:$G$20)) -> 11250 | N13: 126000000 | O13: =K13-M13 -> 26250 | P13: =L13-N13 -> 294000000 | Q13: Bank o'tkazmasi | R13: Tushum | S13: 44999 | T13: To'langan | U13: 2-bosqich 30%
A14: 12 | B14: PRJ-003 | C14: 44997 | D14: Buxoro Madaniyat Markazi | E14: Buxoro Madaniyat Markazi — yakuniy 30% | G14: Buxoro Hokimligi | H14: Rahimov Jasur | I14: Xasanov Nodir | J14: SH-003 | K14: =IF(L14=0,0,L14/LOOKUP(C14,Settings!$F$5:$F$20,Settings!$G$5:$G$20)) -> 58035.714 | L14: 650000000 | M14: =IF(N14=0,0,N14/LOOKUP(C14,Settings!$F$5:$F$20,Settings!$G$5:$G$20)) -> 17410.714 | N14: 195000000 | O14: =K14-M14 -> 40625 | P14: =L14-N14 -> 455000000 | Q14: Bank o'tkazmasi | R14: Tushum | S14: 45027 | T14: To'langan | U14: Yakuniy 30%
... A62: 60 | B62: PRJ-020 | C62: 46117 | D62: Toshkent Luxury Villa | E62: Toshkent Luxury Villa — yakuniy 30% | G62: Premium Homes LLC | H62: Aliyev Sardor | I62: Muminov Alisher | J62: SH-020 | K62: =IF(L62=0,0,L62/LOOKUP(C62,Settings!$F$5:$F$20,Settings!$G$5:$G$20)) -> 24902.724 | L62: 320000000 | M62: =IF(N62=0,0,N62/LOOKUP(C62,Settings!$F$5:$F$20,Settings!$G$5:$G$20)) -> 7470.8171 | N62: 96000000 | O62: =K62-M62 -> 17431.907 | P62: =L62-N62 -> 224000000 | Q62: Bank o'tkazmasi | R62: Tushum | S62: 46147 | T62: Kutilmoqda | U62: Yakuniy 30%
A63: 61 | B63: PRJ-001 | C63: 44769 | D63: Toshkent City Tower | F63: Outsourcing — konstruktiv hisob | G63: Toshkent Invest LLC | H63: Aliyev Sardor | I63: Nazarov Ilhom | J63: SH-001 | K63: =IF(L63=0,0,L63/LOOKUP(C63,Settings!$F$5:$F$20,Settings!$G$5:$G$20)) -> 78341.014 | L63: 850000000 | M63: =IF(N63=0,0,N63/LOOKUP(C63,Settings!$F$5:$F$20,Settings!$G$5:$G$20)) -> 3839.2041 | N63: 41655364 | O63: =K63-M63 -> 74501.81 | P63: =L63-N63 -> 808344636 | Q63: Bank o'tkazmasi | R63: Outsourcing | S63: 44784 | T63: Kutilmoqda | U63: StroyExpert LLC
A64: 62 | B64: PRJ-001 | C64: 44774 | D64: Toshkent City Tower | F64: Outsourcing — ekspertiza | G64: Toshkent Invest LLC | H64: Aliyev Sardor | I64: Sotvoldiyev Jasur | J64: SH-001 | K64: =IF(L64=0,0,L64/LOOKUP(C64,Settings!$F$5:$F$20,Settings!$G$5:$G$20)) -> 78341.014 | L64: 850000000 | M64: =IF(N64=0,0,N64/LOOKUP(C64,Settings!$F$5:$F$20,Settings!$G$5:$G$20)) -> 3170.88 | N64: 34404048 | O64: =K64-M64 -> 75170.134 | P64: =L64-N64 -> 815595952 | Q64: Bank o'tkazmasi | R64: Outsourcing | S64: 44789 | T64: To'langan | U64: Viz Studio
A65: 63 | B65: PRJ-001 | C65: 44778 | D65: Toshkent City Tower | F65: Material — chop etish | G65: Toshkent Invest LLC | H65: Aliyev Sardor | I65: Karimov Botir | J65: SH-001 | K65: =IF(L65=0,0,L65/LOOKUP(C65,Settings!$F$5:$F$20,Settings!$G$5:$G$20)) -> 78341.014 | L65: 850000000 | M65: =IF(N65=0,0,N65/LOOKUP(C65,Settings!$F$5:$F$20,Settings!$G$5:$G$20)) -> 1778.3069 | N65: 19294630 | O65: =K65-M65 -> 76562.707 | P65: =L65-N65 -> 830705370 | Q65: Naqd | R65: Material | S65: 44788 | T65: To'langan
A66: 64 | B66: PRJ-002 | C66: 44796 | D66: Samarqand Hotel | F66: Material — chop etish | G66: Silk Road Hotels | H66: Karimov Davron | I66: Tursunov Akmal | J66: SH-002 | K66: =IF(L66=0,0,L66/LOOKUP(C66,Settings!$F$5:$F$20,Settings!$G$5:$G$20)) -> 110599.08 | L66: 1200000000 | M66: =IF(N66=0,0,N66/LOOKUP(C66,Settings!$F$5:$F$20,Settings!$G$5:$G$20)) -> 1252.3987 | N66: 13588526 | O66: =K66-M66 -> 109346.68 | P66: =L66-N66 -> 1186411474 | Q66: Naqd | R66: Material | S66: 44806 | T66: To'langan
A67: 65 | B67: PRJ-002 | C67: 44817 | D67: Samarqand Hotel | F67: Outsourcing — elektr loyiha | G67: Silk Road Hotels | H67: Karimov Davron | I67: Sotvoldiyev Jasur | J67: SH-002 | K67: =IF(L67=0,0,L67/LOOKUP(C67,Settings!$F$5:$F$20,Settings!$G$5:$G$20)) -> 110599.08 | L67: 1200000000 | M67: =IF(N67=0,0,N67/LOOKUP(C67,Settings!$F$5:$F$20,Settings!$G$5:$G$20)) -> 7123.4762 | N67: 77289717 | O67: =K67-M67 -> 103475.6 | P67: =L67-N67 -> 1122710283 | Q67: Naqd | R67: Outsourcing | S67: 44832 | T67: Kutilmoqda | U67: Viz Studio
A68: 66 | B68: PRJ-002 | C68: 44842 | D68: Samarqand Hotel | F68: Outsourcing — geodeziya | G68: Silk Road Hotels | H68: Karimov Davron | I68: Abdullayev Kamol | J68: SH-002 | K68: =IF(L68=0,0,L68/LOOKUP(C68,Settings!$F$5:$F$20,Settings!$G$5:$G$20)) -> 108597.29 | L68: 1200000000 | M68: =IF(N68=0,0,N68/LOOKUP(C68,Settings!$F$5:$F$20,Settings!$G$5:$G$20)) -> 7720.195 | N68: 85308155 | O68: =K68-M68 -> 100877.09 | P68: =L68-N68 -> 1114691845 | Q68: Bank o'tkazmasi | R68: Outsourcing | S68: 44857 | T68: Kutilmoqda | U68: GeoTech LLC
A69: 67 | B69: PRJ-003 | C69: 44858 | D69: Buxoro Madaniyat Markazi | F69: Transport — yetkazish | G69: Buxoro Hokimligi | H69: Rahimov Jasur | I69: Tursunov Akmal | J69: SH-003 | K69: =IF(L69=0,0,L69/LOOKUP(C69,Settings!$F$5:$F$20,Settings!$G$5:$G$20)) -> 58823.529 | L69: 650000000 | M69: =IF(N69=0,0,N69/LOOKUP(C69,Settings!$F$5:$F$20,Settings!$G$5:$G$20)) -> 899.859 | N69: 9943442 | O69: =K69-M69 -> 57923.67 | P69: =L69-N69 -> 640056558 | Q69: Naqd | R69: Transport | S69: 44868 | T69: To'langan
A70: 68 | B70: PRJ-003 | C70: 44900 | D70: Buxoro Madaniyat Markazi | F70: Outsourcing — vizualizatsiya | G70: Buxoro Hokimligi | H70: Rahimov Jasur | I70: Tojiboyev Sanjar | J70: SH-003 | K70: =IF(L70=0,0,L70/LOOKUP(C70,Settings!$F$5:$F$20,Settings!$G$5:$G$20)) -> 58823.529 | L70: 650000000 | M70: =IF(N70=0,0,N70/LOOKUP(C70,Settings!$F$5:$F$20,Settings!$G$5:$G$20)) -> 4366.7151 | N70: 48252202 | O70: =K70-M70 -> 54456.814 | P70: =L70-N70 -> 601747798 | Q70: Karta | R70: Outsourcing | S70: 44915 | T70: Kutilmoqda | U70: CalcPro LLC
A71: 69 | B71: PRJ-004 | C71: 44925 | D71: Chilonzor Turar-joy | F71: Transport — yetkazish | G71: Ideal House LLC | H71: Aliyev Sardor | I71: Xolmatov Doniyor | J71: SH-004 | K71: =IF(L71=0,0,L71/LOOKUP(C71,Settings!$F$5:$F$20,Settings!$G$5:$G$20)) -> 38009.05 | L71: 420000000 | M71: =IF(N71=0,0,N71/LOOKUP(C71,Settings!$F$5:$F$20,Settings!$G$5:$G$20)) -> 833.07348 | N71: 9205462 | O71: =K71-M71 -> 37175.976 | P71: =L71-N71 -> 410794538 | Q71: Naqd | R71: Transport | S71: 44935 | T71: To'langan
A72: 70 | B72: PRJ-004 | C72: 44950 | D72: Chilonzor Turar-joy | F72: Outsourcing — konstruktiv hisob | G72: Ideal House LLC | H72: Aliyev Sardor | I72: Tojiboyev Sanjar | J72: SH-004 | K72: =IF(L72=0,0,L72/LOOKUP(C72,Settings!$F$5:$F$20,Settings!$G$5:$G$20)) -> 37500 | L72: 420000000 | M72: =IF(N72=0,0,N72/LOOKUP(C72,Settings!$F$5:$F$20,Settings!$G$5:$G$20)) -> 2542.0915 | N72: 28471425 | O72: =K72-M72 -> 34957.908 | P72: =L72-N72 -> 391528575 | Q72: Naqd | R72: Outsourcing | S72: 44965 | T72: To'langan | U72: CalcPro LLC
A73: 71 | B73: PRJ-004 | C73: 44955 | D73: Chilonzor Turar-joy | F73: Outsourcing — SME hisob | G73: Ideal House LLC | H73: Aliyev Sardor | I73: Tojiboyev Sanjar | J73: SH-004 | K73: =IF(L73=0,0,L73/LOOKUP(C73,Settings!$F$5:$F$20,Settings!$G$5:$G$20)) -> 37500 | L73: 420000000 | M73: =IF(N73=0,0,N73/LOOKUP(C73,Settings!$F$5:$F$20,Settings!$G$5:$G$20)) -> 1873.8759 | N73: 20987410 | O73: =K73-M73 -> 35626.124 | P73: =L73-N73 -> 399012590 | Q73: Naqd | R73: Outsourcing | S73: 44970 | T73: To'langan | U73: CalcPro LLC
A74: 72 | B74: PRJ-004 | C74: 44958 | D74: Chilonzor Turar-joy | F74: Outsourcing — elektr loyiha | G74: Ideal House LLC | H74: Aliyev Sardor | I74: Nazarov Ilhom | J74: SH-004 | K74: =IF(L74=0,0,L74/LOOKUP(C74,Settings!$F$5:$F$20,Settings!$G$5:$G$20)) -> 37500 | L74: 420000000 | M74: =IF(N74=0,0,N74/LOOKUP(C74,Settings!$F$5:$F$20,Settings!$G$5:$G$20)) -> 1916.5499 | N74: 21465359 | O74: =K74-M74 -> 35583.45 | P74: =L74-N74 -> 398534641 | Q74: Naqd | R74: Outsourcing | S74: 44973 | T74: Kutilmoqda | U74: StroyExpert LLC
A75: 73 | B75: PRJ-005 | C75: 44979 | D75: Nukus Biznes Markazi | F75: Outsourcing — vizualizatsiya | G75: Nukus Development | H75: Karimov Davron | I75: Sotvoldiyev Jasur | J75: SH-005 | K75: =IF(L75=0,0,L75/LOOKUP(C75,Settings!$F$5:$F$20,Settings!$G$5:$G$20)) -> 33928.571 | L75: 380000000 | M75: =IF(N75=0,0,N75/LOOKUP(C75,Settings!$F$5:$F$20,Settings!$G$5:$G$20)) -> 1286.1604 | N75: 14404997 | O75: =K75-M75 -> 32642.411 | P75: =L75-N75 -> 365595003 | Q75: Naqd | R75: Outsourcing | S75: 44994 | T75: Kutilmoqda | U75: Viz Studio
A76: 74 | B76: PRJ-005 | C76: 44987 | D76: Nukus Biznes Markazi | F76: Transport — yetkazish | G76: Nukus Development | H76: Karimov Davron | I76: Xolmatov Doniyor | J76: SH-005 | K76: =IF(L76=0,0,L76/LOOKUP(C76,Settings!$F$5:$F$20,Settings!$G$5:$G$20)) -> 33928.571 | L76: 380000000 | M76: =IF(N76=0,0,N76/LOOKUP(C76,Settings!$F$5:$F$20,Settings!$G$5:$G$20)) -> 683.77116 | N76: 7658237 | O76: =K76-M76 -> 33244.8 | P76: =L76-N76 -> 372341763 | Q76: Naqd | R76: Transport | S76: 44997 | T76: To'langan
A77: 75 | B77: PRJ-005 | C77: 45004 | D77: Nukus Biznes Markazi | F77: Outsourcing — SME hisob | G77: Nukus Development | H77: Karimov Davron | I77: Nazarov Ilhom | J77: SH-005 | K77: =IF(L77=0,0,L77/LOOKUP(C77,Settings!$F$5:$F$20,Settings!$G$5:$G$20)) -> 33928.571 | L77: 380000000 | M77: =IF(N77=0,0,N77/LOOKUP(C77,Settings!$F$5:$F$20,Settings!$G$5:$G$20)) -> 2566.065 | N77: 28739928 | O77: =K77-M77 -> 31362.506 | P77: =L77-N77 -> 351260072 | Q77: Karta | R77: Outsourcing | S77: 45019 | T77: Kutilmoqda | U77: StroyExpert LLC
A78: 76 | B78: PRJ-005 | C78: 45018 | D78: Nukus Biznes Markazi | F78: Outsourcing — elektr loyiha | G78: Nukus Development | H78: Karimov Davron | I78: Abdullayev Kamol | J78: SH-005 | K78: =IF(L78=0,0,L78/LOOKUP(C78,Settings!$F$5:$F$20,Settings!$G$5:$G$20)) -> 33480.176 | L78: 380000000 | M78: =IF(N78=0,0,N78/LOOKUP(C78,Settings!$F$5:$F$20,Settings!$G$5:$G$20)) -> 2485.5489 | N78: 28210980 | O78: =K78-M78 -> 30994.627 | P78: =L78-N78 -> 351789020 | Q78: Bank o'tkazmasi | R78: Outsourcing | S78: 45033 | T78: Kutilmoqda | U78: GeoTech LLC
A79: 77 | B79: PRJ-006 | C79: 45035 | D79: Fargona Shopping Mall | F79: Material — chop etish | G79: Fargona Trade LLC | H79: Toshmatov Bekzod | I79: Karimov Botir | J79: SH-006 | K79: =IF(L79=0,0,L79/LOOKUP(C79,Settings!$F$5:$F$20,Settings!$G$5:$G$20)) -> 83700.441 | L79: 950000000 | M79: =IF(N79=0,0,N79/LOOKUP(C79,Settings!$F$5:$F$20,Settings!$G$5:$G$20)) -> 1941.433 | N79: 22035265 | O79: =K79-M79 -> 81759.007 | P79: =L79-N79 -> 927964735 | Q79: Naqd | R79: Material | S79: 45045 | T79: To'langan
A80: 78 | B80: PRJ-006 | C80: 45041 | D80: Fargona Shopping Mall | F80: Outsourcing — vizualizatsiya | G80: Fargona Trade LLC | H80: Toshmatov Bekzod | I80: Xolmatov Sanjarbek | J80: SH-006 | K80: =IF(L80=0,0,L80/LOOKUP(C80,Settings!$F$5:$F$20,Settings!$G$5:$G$20)) -> 83700.441 | L80: 950000000 | M80: =IF(N80=0,0,N80/LOOKUP(C80,Settings!$F$5:$F$20,Settings!$G$5:$G$20)) -> 5926.0885 | N80: 67261104 | O80: =K80-M80 -> 77774.352 | P80: =L80-N80 -> 882738896 | Q80: Karta | R80: Outsourcing | S80: 45056 | T80: To'langan | U80: MEP Solutions
A81: 79 | B81: PRJ-006 | C81: 45043 | D81: Fargona Shopping Mall | F81: Outsourcing — ekspertiza | G81: Fargona Trade LLC | H81: Toshmatov Bekzod | I81: Sotvoldiyev Jasur | J81: SH-006 | K81: =IF(L81=0,0,L81/LOOKUP(C81,Settings!$F$5:$F$20,Settings!$G$5:$G$20)) -> 83700.441 | L81: 950000000 | M81: =IF(N81=0,0,N81/LOOKUP(C81,Settings!$F$5:$F$20,Settings!$G$5:$G$20)) -> 3513.1263 | N81: 39873984 | O81: =K81-M81 -> 80187.314 | P81: =L81-N81 -> 910126016 | Q81: Naqd | R81: Outsourcing | S81: 45058 | T81: To'langan | U81: Viz Studio
A82: 80 | B82: PRJ-006 | C82: 45085 | D82: Fargona Shopping Mall | F82: Outsourcing — konstruktiv hisob | G82: Fargona Trade LLC | H82: Toshmatov Bekzod | I82: Mirzayev Akmal | J82: SH-006 | K82: =IF(L82=0,0,L82/LOOKUP(C82,Settings!$F$5:$F$20,Settings!$G$5:$G$20)) -> 83700.441 | L82: 950000000 | M82: =IF(N82=0,0,N82/LOOKUP(C82,Settings!$F$5:$F$20,Settings!$G$5:$G$20)) -> 5017.6094 | N82: 56949867 | O82: =K82-M82 -> 78682.831 | P82: =L82-N82 -> 893050133 | Q82: Bank o'tkazmasi | R82: Outsourcing | S82: 45100 | T82: To'langan | U82: ElectroPlan
A83: 81 | B83: PRJ-007 | C83: 45105 | D83: Toshkent Metro Stansiya | F83: Material — chop etish | G83: Toshkent Metro | H83: Rahimov Jasur | I83: Tursunov Akmal | J83: SH-007 | K83: =IF(L83=0,0,L83/LOOKUP(C83,Settings!$F$5:$F$20,Settings!$G$5:$G$20)) -> 132158.59 | L83: 1500000000 | M83: =IF(N83=0,0,N83/LOOKUP(C83,Settings!$F$5:$F$20,Settings!$G$5:$G$20)) -> 1377.183 | N83: 15631027 | O83: =K83-M83 -> 130781.41 | P83: =L83-N83 -> 1484368973 | Q83: Naqd | R83: Material | S83: 45115 | T83: To'langan
A84: 82 | B84: PRJ-007 | C84: 45128 | D84: Toshkent Metro Stansiya | F84: Outsourcing — vizualizatsiya | G84: Toshkent Metro | H84: Rahimov Jasur | I84: Mirzayev Akmal | J84: SH-007 | K84: =IF(L84=0,0,L84/LOOKUP(C84,Settings!$F$5:$F$20,Settings!$G$5:$G$20)) -> 130434.78 | L84: 1500000000 | M84: =IF(N84=0,0,N84/LOOKUP(C84,Settings!$F$5:$F$20,Settings!$G$5:$G$20)) -> 4702.2012 | N84: 54075314 | O84: =K84-M84 -> 125732.58 | P84: =L84-N84 -> 1445924686 | Q84: Naqd | R84: Outsourcing | S84: 45143 | T84: To'langan | U84: ElectroPlan
A85: 83 | B85: PRJ-007 | C85: 45138 | D85: Toshkent Metro Stansiya | F85: Outsourcing — geodeziya | G85: Toshkent Metro | H85: Rahimov Jasur | I85: Tojiboyev Sanjar | J85: SH-007 | K85: =IF(L85=0,0,L85/LOOKUP(C85,Settings!$F$5:$F$20,Settings!$G$5:$G$20)) -> 130434.78 | L85: 1500000000 | M85: =IF(N85=0,0,N85/LOOKUP(C85,Settings!$F$5:$F$20,Settings!$G$5:$G$20)) -> 9971.1749 | N85: 114668511 | O85: =K85-M85 -> 120463.61 | P85: =L85-N85 -> 1385331489 | Q85: Karta | R85: Outsourcing | S85: 45153 | T85: To'langan | U85: CalcPro LLC
A86: 84 | B86: PRJ-007 | C86: 45145 | D86: Toshkent Metro Stansiya | F86: Outsourcing — vizualizatsiya | G86: Toshkent Metro | H86: Rahimov Jasur | I86: Sotvoldiyev Jasur | J86: SH-007 | K86: =IF(L86=0,0,L86/LOOKUP(C86,Settings!$F$5:$F$20,Settings!$G$5:$G$20)) -> 130434.78 | L86: 1500000000 | M86: =IF(N86=0,0,N86/LOOKUP(C86,Settings!$F$5:$F$20,Settings!$G$5:$G$20)) -> 10403.148 | N86: 119636201 | O86: =K86-M86 -> 120031.63 | P86: =L86-N86 -> 1380363799 | Q86: Karta | R86: Outsourcing | S86: 45160 | T86: Kutilmoqda | U86: Viz Studio
A87: 85 | B87: PRJ-008 | C87: 45164 | D87: Namangan Klinika | F87: Outsourcing — elektr loyiha | G87: Namangan Med | H87: Aliyev Sardor | I87: Xolmatov Sanjarbek | J87: SH-008 | K87: =IF(L87=0,0,L87/LOOKUP(C87,Settings!$F$5:$F$20,Settings!$G$5:$G$20)) -> 47826.087 | L87: 550000000 | M87: =IF(N87=0,0,N87/LOOKUP(C87,Settings!$F$5:$F$20,Settings!$G$5:$G$20)) -> 1575.5677 | N87: 18119028 | O87: =K87-M87 -> 46250.519 | P87: =L87-N87 -> 531880972 | Q87: Naqd | R87: Outsourcing | S87: 45179 | T87: To'langan | U87: MEP Solutions
A88: 86 | B88: PRJ-008 | C88: 45165 | D88: Namangan Klinika | F88: Transport — yetkazish | G88: Namangan Med | H88: Aliyev Sardor | I88: Tursunov Akmal | J88: SH-008 | K88: =IF(L88=0,0,L88/LOOKUP(C88,Settings!$F$5:$F$20,Settings!$G$5:$G$20)) -> 47826.087 | L88: 550000000 | M88: =IF(N88=0,0,N88/LOOKUP(C88,Settings!$F$5:$F$20,Settings!$G$5:$G$20)) -> 546.03739 | N88: 6279430 | O88: =K88-M88 -> 47280.05 | P88: =L88-N88 -> 543720570 | Q88: Naqd | R88: Transport | S88: 45175 | T88: To'langan
A89: 87 | B89: PRJ-009 | C89: 45231 | D89: Andijon Sport Majmuasi | F89: Material — chop etish | G89: Andijon Hokimligi | H89: Toshmatov Bekzod | I89: Karimov Botir | J89: SH-009 | K89: =IF(L89=0,0,L89/LOOKUP(C89,Settings!$F$5:$F$20,Settings!$G$5:$G$20)) -> 41025.641 | L89: 480000000 | M89: =IF(N89=0,0,N89/LOOKUP(C89,Settings!$F$5:$F$20,Settings!$G$5:$G$20)) -> 1054.0467 | N89: 12332346 | O89: =K89-M89 -> 39971.594 | P89: =L89-N89 -> 467667654 | Q89: Naqd | R89: Material | S89: 45241 | T89: To'langan
A90: 88 | B90: PRJ-009 | C90: 45263 | D90: Andijon Sport Majmuasi | F90: Outsourcing — elektr loyiha | G90: Andijon Hokimligi | H90: Toshmatov Bekzod | I90: Nazarov Ilhom | J90: SH-009 | K90: =IF(L90=0,0,L90/LOOKUP(C90,Settings!$F$5:$F$20,Settings!$G$5:$G$20)) -> 41025.641 | L90: 480000000 | M90: =IF(N90=0,0,N90/LOOKUP(C90,Settings!$F$5:$F$20,Settings!$G$5:$G$20)) -> 3149.7727 | N90: 36852341 | O90: =K90-M90 -> 37875.868 | P90: =L90-N90 -> 443147659 | Q90: Karta | R90: Outsourcing | S90: 45278 | T90: Kutilmoqda | U90: StroyExpert LLC
A91: 89 | B91: PRJ-010 | C91: 45294 | D91: Toshkent Ofis Binosi | F91: Material — chop etish | G91: Tech Park LLC | H91: Karimov Davron | I91: Karimov Botir | J91: SH-010 | K91: =IF(L91=0,0,L91/LOOKUP(C91,Settings!$F$5:$F$20,Settings!$G$5:$G$20)) -> 60504.202 | L91: 720000000 | M91: =IF(N91=0,0,N91/LOOKUP(C91,Settings!$F$5:$F$20,Settings!$G$5:$G$20)) -> 1395.7781 | N91: 16609759 | O91: =K91-M91 -> 59108.424 | P91: =L91-N91 -> 703390241 | Q91: Naqd | R91: Material | S91: 45304 | T91: To'langan
A92: 90 | B92: PRJ-010 | C92: 45320 | D92: Toshkent Ofis Binosi | F92: Outsourcing — ekspertiza | G92: Tech Park LLC | H92: Karimov Davron | I92: Tojiboyev Sanjar | J92: SH-010 | K92: =IF(L92=0,0,L92/LOOKUP(C92,Settings!$F$5:$F$20,Settings!$G$5:$G$20)) -> 60504.202 | L92: 720000000 | M92: =IF(N92=0,0,N92/LOOKUP(C92,Settings!$F$5:$F$20,Settings!$G$5:$G$20)) -> 3096.5403 | N92: 36848830 | O92: =K92-M92 -> 57407.661 | P92: =L92-N92 -> 683151170 | Q92: Bank o'tkazmasi | R92: Outsourcing | S92: 45335 | T92: To'langan | U92: CalcPro LLC
A93: 91 | B93: PRJ-011 | C93: 45346 | D93: Jizzax Maktab Loyihasi | F93: Material — chop etish | G93: Jizzax Talim | H93: Rahimov Jasur | I93: Karimov Botir | J93: SH-011 | K93: =IF(L93=0,0,L93/LOOKUP(C93,Settings!$F$5:$F$20,Settings!$G$5:$G$20)) -> 23529.412 | L93: 280000000 | M93: =IF(N93=0,0,N93/LOOKUP(C93,Settings!$F$5:$F$20,Settings!$G$5:$G$20)) -> 671.23151 | N93: 7987655 | O93: =K93-M93 -> 22858.18 | P93: =L93-N93 -> 272012345 | Q93: Naqd | R93: Material | S93: 45356 | T93: To'langan
A94: 92 | B94: PRJ-011 | C94: 45357 | D94: Jizzax Maktab Loyihasi | F94: Outsourcing — geodeziya | G94: Jizzax Talim | H94: Rahimov Jasur | I94: Tojiboyev Sanjar | J94: SH-011 | K94: =IF(L94=0,0,L94/LOOKUP(C94,Settings!$F$5:$F$20,Settings!$G$5:$G$20)) -> 23529.412 | L94: 280000000 | M94: =IF(N94=0,0,N94/LOOKUP(C94,Settings!$F$5:$F$20,Settings!$G$5:$G$20)) -> 1033.5825 | N94: 12299632 | O94: =K94-M94 -> 22495.829 | P94: =L94-N94 -> 267700368 | Q94: Naqd | R94: Outsourcing | S94: 45372 | T94: To'langan | U94: CalcPro LLC
A95: 93 | B95: PRJ-011 | C95: 45370 | D95: Jizzax Maktab Loyihasi | F95: Outsourcing — geodeziya | G95: Jizzax Talim | H95: Rahimov Jasur | I95: Abdullayev Kamol | J95: SH-011 | K95: =IF(L95=0,0,L95/LOOKUP(C95,Settings!$F$5:$F$20,Settings!$G$5:$G$20)) -> 23529.412 | L95: 280000000 | M95: =IF(N95=0,0,N95/LOOKUP(C95,Settings!$F$5:$F$20,Settings!$G$5:$G$20)) -> 931.28244 | N95: 11082261 | O95: =K95-M95 -> 22598.129 | P95: =L95-N95 -> 268917739 | Q95: Karta | R95: Outsourcing | S95: 45385 | T95: Kutilmoqda | U95: GeoTech LLC
A96: 94 | B96: PRJ-011 | C96: 45377 | D96: Jizzax Maktab Loyihasi | F96: Outsourcing — konstruktiv hisob | G96: Jizzax Talim | H96: Rahimov Jasur | I96: Mirzayev Akmal | J96: SH-011 | K96: =IF(L96=0,0,L96/LOOKUP(C96,Settings!$F$5:$F$20,Settings!$G$5:$G$20)) -> 23529.412 | L96: 280000000 | M96: =IF(N96=0,0,N96/LOOKUP(C96,Settings!$F$5:$F$20,Settings!$G$5:$G$20)) -> 765.39798 | N96: 9108236 | O96: =K96-M96 -> 22764.014 | P96: =L96-N96 -> 270891764 | Q96: Karta | R96: Outsourcing | S96: 45392 | T96: To'langan | U96: ElectroPlan
A97: 95 | B97: PRJ-012 | C97: 45410 | D97: Qarshi Villa Majmuasi | F97: Outsourcing — ekspertiza | G97: Green Villa LLC | H97: Aliyev Sardor | I97: Tojiboyev Sanjar | J97: SH-012 | K97: =IF(L97=0,0,L97/LOOKUP(C97,Settings!$F$5:$F$20,Settings!$G$5:$G$20)) -> 29045.643 | L97: 350000000 | M97: =IF(N97=0,0,N97/LOOKUP(C97,Settings!$F$5:$F$20,Settings!$G$5:$G$20)) -> 2216.9349 | N97: 26714066 | O97: =K97-M97 -> 26828.708 | P97: =L97-N97 -> 323285934 | Q97: Bank o'tkazmasi | R97: Outsourcing | S97: 45425 | T97: Kutilmoqda | U97: CalcPro LLC
A98: 96 | B98: PRJ-012 | C98: 45418 | D98: Qarshi Villa Majmuasi | F98: Material — chop etish | G98: Green Villa LLC | H98: Aliyev Sardor | I98: Tursunov Akmal | J98: SH-012 | K98: =IF(L98=0,0,L98/LOOKUP(C98,Settings!$F$5:$F$20,Settings!$G$5:$G$20)) -> 29045.643 | L98: 350000000 | M98: =IF(N98=0,0,N98/LOOKUP(C98,Settings!$F$5:$F$20,Settings!$G$5:$G$20)) -> 695.11535 | N98: 8376140 | O98: =K98-M98 -> 28350.528 | P98: =L98-N98 -> 341623860 | Q98: Naqd | R98: Material | S98: 45428 | T98: To'langan
A99: 97 | B99: PRJ-012 | C99: 45440 | D99: Qarshi Villa Majmuasi | F99: Outsourcing — vizualizatsiya | G99: Green Villa LLC | H99: Aliyev Sardor | I99: Nazarov Ilhom | J99: SH-012 | K99: =IF(L99=0,0,L99/LOOKUP(C99,Settings!$F$5:$F$20,Settings!$G$5:$G$20)) -> 29045.643 | L99: 350000000 | M99: =IF(N99=0,0,N99/LOOKUP(C99,Settings!$F$5:$F$20,Settings!$G$5:$G$20)) -> 2181.971 | N99: 26292750 | O99: =K99-M99 -> 26863.672 | P99: =L99-N99 -> 323707250 | Q99: Naqd | R99: Outsourcing | S99: 45455 | T99: Kutilmoqda | U99: StroyExpert LLC
A100: 98 | B100: PRJ-013 | C100: 45485 | D100: Toshkent Restoran Dizayn | F100: Outsourcing — geodeziya | G100: Plov House LLC | H100: Nurmatova Dilnoza | I100: Sotvoldiyev Jasur | J100: SH-013 | K100: =IF(L100=0,0,L100/LOOKUP(C100,Settings!$F$5:$F$20,Settings!$G$5:$G$20)) -> 14754.098 | L100: 180000000 | M100: =IF(N100=0,0,N100/LOOKUP(C100,Settings!$F$5:$F$20,Settings!$G$5:$G$20)) -> 1157.2446 | N100: 14118384 | O100: =K100-M100 -> 13596.854 | P100: =L100-N100 -> 165881616 | Q100: Karta | R100: Outsourcing | S100: 45500 | T100: To'langan | U100: Viz Studio
A101: 99 | B101: PRJ-013 | C101: 45491 | D101: Toshkent Restoran Dizayn | F101: Transport — yetkazish | G101: Plov House LLC | H101: Nurmatova Dilnoza | I101: Xolmatov Doniyor | J101: SH-013 | K101: =IF(L101=0,0,L101/LOOKUP(C101,Settings!$F$5:$F$20,Settings!$G$5:$G$20)) -> 14754.098 | L101: 180000000 | M101: =IF(N101=0,0,N101/LOOKUP(C101,Settings!$F$5:$F$20,Settings!$G$5:$G$20)) -> 240.08008 | N101: 2928977 | O101: =K101-M101 -> 14514.018 | P101: =L101-N101 -> 177071023 | Q101: Naqd | R101: Transport | S101: 45501 | T101: To'langan
A102: 100 | B102: PRJ-014 | C102: 45531 | D102: Xiva Turizm Markazi | F102: Material — chop etish | G102: Xiva Tourism Dev | H102: Karimov Davron | I102: Karimov Botir | J102: SH-014 | K102: =IF(L102=0,0,L102/LOOKUP(C102,Settings!$F$5:$F$20,Settings!$G$5:$G$20)) -> 49180.328 | L102: 600000000 | M102: =IF(N102=0,0,N102/LOOKUP(C102,Settings!$F$5:$F$20,Settings!$G$5:$G$20)) -> 609.72451 | N102: 7438639 | O102: =K102-M102 -> 48570.603 | P102: =L102-N102 -> 592561361 | Q102: Naqd | R102: Material | S102: 45541 | T102: To'langan
A103: 101 | B103: PRJ-014 | C103: 45556 | D103: Xiva Turizm Markazi | F103: Outsourcing — geodeziya | G103: Xiva Tourism Dev | H103: Karimov Davron | I103: Abdullayev Kamol | J103: SH-014 | K103: =IF(L103=0,0,L103/LOOKUP(C103,Settings!$F$5:$F$20,Settings!$G$5:$G$20)) -> 49180.328 | L103: 600000000 | M103: =IF(N103=0,0,N103/LOOKUP(C103,Settings!$F$5:$F$20,Settings!$G$5:$G$20)) -> 1643.9048 | N103: 20055639 | O103: =K103-M103 -> 47536.423 | P103: =L103-N103 -> 579944361 | Q103: Naqd | R103: Outsourcing | S103: 45571 | T103: To'langan | U103: GeoTech LLC
A104: 102 | B104: PRJ-015 | C104: 45586 | D104: Toshkent Coworking | F104: Outsourcing — elektr loyiha | G104: Smart Work LLC | H104: Rahimov Jasur | I104: Tojiboyev Sanjar | J104: SH-015 | K104: =IF(L104=0,0,L104/LOOKUP(C104,Settings!$F$5:$F$20,Settings!$G$5:$G$20)) -> 20242.915 | L104: 250000000 | M104: =IF(N104=0,0,N104/LOOKUP(C104,Settings!$F$5:$F$20,Settings!$G$5:$G$20)) -> 1198.0488 | N104: 14795903 | O104: =K104-M104 -> 19044.866 | P104: =L104-N104 -> 235204097 | Q104: Karta | R104: Outsourcing | S104: 45601 | T104: Kutilmoqda | U104: CalcPro LLC
A105: 103 | B105: PRJ-015 | C105: 45597 | D105: Toshkent Coworking | F105: Outsourcing — elektr loyiha | G105: Smart Work LLC | H105: Rahimov Jasur | I105: Nazarov Ilhom | J105: SH-015 | K105: =IF(L105=0,0,L105/LOOKUP(C105,Settings!$F$5:$F$20,Settings!$G$5:$G$20)) -> 20242.915 | L105: 250000000 | M105: =IF(N105=0,0,N105/LOOKUP(C105,Settings!$F$5:$F$20,Settings!$G$5:$G$20)) -> 1332.1779 | N105: 16452397 | O105: =K105-M105 -> 18910.737 | P105: =L105-N105 -> 233547603 | Q105: Naqd | R105: Outsourcing | S105: 45612 | T105: Kutilmoqda | U105: StroyExpert LLC
A106: 104 | B106: PRJ-015 | C106: 45600 | D106: Toshkent Coworking | F106: Transport — yetkazish | G106: Smart Work LLC | H106: Rahimov Jasur | I106: Tursunov Akmal | J106: SH-015 | K106: =IF(L106=0,0,L106/LOOKUP(C106,Settings!$F$5:$F$20,Settings!$G$5:$G$20)) -> 20242.915 | L106: 250000000 | M106: =IF(N106=0,0,N106/LOOKUP(C106,Settings!$F$5:$F$20,Settings!$G$5:$G$20)) -> 581.26891 | N106: 7178671 | O106: =K106-M106 -> 19661.646 | P106: =L106-N106 -> 242821329 | Q106: Naqd | R106: Transport | S106: 45610 | T106: To'langan
A107: 105 | B107: PRJ-015 | C107: 45606 | D107: Toshkent Coworking | F107: Outsourcing — elektr loyiha | G107: Smart Work LLC | H107: Rahimov Jasur | I107: Nazarov Ilhom | J107: SH-015 | K107: =IF(L107=0,0,L107/LOOKUP(C107,Settings!$F$5:$F$20,Settings!$G$5:$G$20)) -> 20242.915 | L107: 250000000 | M107: =IF(N107=0,0,N107/LOOKUP(C107,Settings!$F$5:$F$20,Settings!$G$5:$G$20)) -> 1260.6283 | N107: 15568759 | O107: =K107-M107 -> 18982.287 | P107: =L107-N107 -> 234431241 | Q107: Bank o'tkazmasi | R107: Outsourcing | S107: 45621 | T107: Kutilmoqda | U107: StroyExpert LLC
A108: 106 | B108: PRJ-016 | C108: 45646 | D108: Sirdaryo Zavod Binosi | F108: Transport — yetkazish | G108: Sirdaryo Industrial | H108: Aliyev Sardor | I108: Tursunov Akmal | J108: SH-016 | K108: =IF(L108=0,0,L108/LOOKUP(C108,Settings!$F$5:$F$20,Settings!$G$5:$G$20)) -> 72874.494 | L108: 900000000 | M108: =IF(N108=0,0,N108/LOOKUP(C108,Settings!$F$5:$F$20,Settings!$G$5:$G$20)) -> 1267.3269 | N108: 15651487 | O108: =K108-M108 -> 71607.167 | P108: =L108-N108 -> 884348513 | Q108: Naqd | R108: Transport | S108: 45656 | T108: To'langan
A109: 107 | B109: PRJ-016 | C109: 45678 | D109: Sirdaryo Zavod Binosi | F109: Outsourcing — SME hisob | G109: Sirdaryo Industrial | H109: Aliyev Sardor | I109: Nazarov Ilhom | J109: SH-016 | K109: =IF(L109=0,0,L109/LOOKUP(C109,Settings!$F$5:$F$20,Settings!$G$5:$G$20)) -> 72000 | L109: 900000000 | M109: =IF(N109=0,0,N109/LOOKUP(C109,Settings!$F$5:$F$20,Settings!$G$5:$G$20)) -> 3114.7214 | N109: 38934018 | O109: =K109-M109 -> 68885.279 | P109: =L109-N109 -> 861065982 | Q109: Bank o'tkazmasi | R109: Outsourcing | S109: 45693 | T109: To'langan | U109: StroyExpert LLC
A110: 108 | B110: PRJ-017 | C110: 45728 | D110: Navoiy Aeroport Dizayn | F110: Transport — yetkazish | G110: Navoiy Aero LLC | H110: Karimov Davron | I110: Xolmatov Doniyor | J110: SH-017 | K110: =IF(L110=0,0,L110/LOOKUP(C110,Settings!$F$5:$F$20,Settings!$G$5:$G$20)) -> 88000 | L110: 1100000000 | M110: =IF(N110=0,0,N110/LOOKUP(C110,Settings!$F$5:$F$20,Settings!$G$5:$G$20)) -> 1996.2588 | N110: 24953235 | O110: =K110-M110 -> 86003.741 | P110: =L110-N110 -> 1075046765 | Q110: Naqd | R110: Transport | S110: 45738 | T110: To'langan
A111: 109 | B111: PRJ-017 | C111: 45729 | D111: Navoiy Aeroport Dizayn | F111: Outsourcing — SME hisob | G111: Navoiy Aero LLC | H111: Karimov Davron | I111: Sotvoldiyev Jasur | J111: SH-017 | K111: =IF(L111=0,0,L111/LOOKUP(C111,Settings!$F$5:$F$20,Settings!$G$5:$G$20)) -> 88000 | L111: 1100000000 | M111: =IF(N111=0,0,N111/LOOKUP(C111,Settings!$F$5:$F$20,Settings!$G$5:$G$20)) -> 3566.7705 | N111: 44584631 | O111: =K111-M111 -> 84433.23 | P111: =L111-N111 -> 1055415369 | Q111: Bank o'tkazmasi | R111: Outsourcing | S111: 45744 | T111: To'langan | U111: Viz Studio
A112: 110 | B112: PRJ-017 | C112: 45753 | D112: Navoiy Aeroport Dizayn | F112: Outsourcing — konstruktiv hisob | G112: Navoiy Aero LLC | H112: Karimov Davron | I112: Mirzayev Akmal | J112: SH-017 | K112: =IF(L112=0,0,L112/LOOKUP(C112,Settings!$F$5:$F$20,Settings!$G$5:$G$20)) -> 87301.587 | L112: 1100000000 | M112: =IF(N112=0,0,N112/LOOKUP(C112,Settings!$F$5:$F$20,Settings!$G$5:$G$20)) -> 5534.3235 | N112: 69732476 | O112: =K112-M112 -> 81767.264 | P112: =L112-N112 -> 1030267524 | Q112: Karta | R112: Outsourcing | S112: 45768 | T112: Kutilmoqda | U112: ElectroPlan
A113: 111 | B113: PRJ-017 | C113: 45754 | D113: Navoiy Aeroport Dizayn | F113: Outsourcing — geodeziya | G113: Navoiy Aero LLC | H113: Karimov Davron | I113: Abdullayev Kamol | J113: SH-017 | K113: =IF(L113=0,0,L113/LOOKUP(C113,Settings!$F$5:$F$20,Settings!$G$5:$G$20)) -> 87301.587 | L113: 1100000000 | M113: =IF(N113=0,0,N113/LOOKUP(C113,Settings!$F$5:$F$20,Settings!$G$5:$G$20)) -> 3773.4623 | N113: 47545625 | O113: =K113-M113 -> 83528.125 | P113: =L113-N113 -> 1052454375 | Q113: Naqd | R113: Outsourcing | S113: 45769 | T113: To'langan | U113: GeoTech LLC
A114: 112 | B114: PRJ-018 | C114: 45805 | D114: Toshkent IT Park 2 | F114: Outsourcing — vizualizatsiya | G114: IT Park Foundation | H114: Toshmatov Bekzod | I114: Xolmatov Sanjarbek | J114: SH-018 | K114: =IF(L114=0,0,L114/LOOKUP(C114,Settings!$F$5:$F$20,Settings!$G$5:$G$20)) -> 59523.81 | L114: 750000000 | M114: =IF(N114=0,0,N114/LOOKUP(C114,Settings!$F$5:$F$20,Settings!$G$5:$G$20)) -> 4254.0121 | N114: 53600553 | O114: =K114-M114 -> 55269.797 | P114: =L114-N114 -> 696399447 | Q114: Naqd | R114: Outsourcing | S114: 45820 | T114: To'langan | U114: MEP Solutions
A115: 113 | B115: PRJ-018 | C115: 45805 | D115: Toshkent IT Park 2 | F115: Material — chop etish | G115: IT Park Foundation | H115: Toshmatov Bekzod | I115: Xolmatov Doniyor | J115: SH-018 | K115: =IF(L115=0,0,L115/LOOKUP(C115,Settings!$F$5:$F$20,Settings!$G$5:$G$20)) -> 59523.81 | L115: 750000000 | M115: =IF(N115=0,0,N115/LOOKUP(C115,Settings!$F$5:$F$20,Settings!$G$5:$G$20)) -> 1513.2371 | N115: 19066788 | O115: =K115-M115 -> 58010.572 | P115: =L115-N115 -> 730933212 | Q115: Naqd | R115: Material | S115: 45815 | T115: To'langan
A116: 114 | B116: PRJ-019 | C116: 45890 | D116: Fergana Textile HQ | F116: Material — chop etish | G116: Fergana Textile | H116: Rahimov Jasur | I116: Xolmatov Doniyor | J116: SH-019 | K116: =IF(L116=0,0,L116/LOOKUP(C116,Settings!$F$5:$F$20,Settings!$G$5:$G$20)) -> 39370.079 | L116: 500000000 | M116: =IF(N116=0,0,N116/LOOKUP(C116,Settings!$F$5:$F$20,Settings!$G$5:$G$20)) -> 930.7611 | N116: 11820666 | O116: =K116-M116 -> 38439.318 | P116: =L116-N116 -> 488179334 | Q116: Naqd | R116: Material | S116: 45900 | T116: To'langan
A117: 115 | B117: PRJ-019 | C117: 45893 | D117: Fergana Textile HQ | F117: Outsourcing — geodeziya | G117: Fergana Textile | H117: Rahimov Jasur | I117: Xolmatov Sanjarbek | J117: SH-019 | K117: =IF(L117=0,0,L117/LOOKUP(C117,Settings!$F$5:$F$20,Settings!$G$5:$G$20)) -> 39370.079 | L117: 500000000 | M117: =IF(N117=0,0,N117/LOOKUP(C117,Settings!$F$5:$F$20,Settings!$G$5:$G$20)) -> 2255.099 | N117: 28639757 | O117: =K117-M117 -> 37114.98 | P117: =L117-N117 -> 471360243 | Q117: Bank o'tkazmasi | R117: Outsourcing | S117: 45908 | T117: To'langan | U117: MEP Solutions
A118: 116 | B118: PRJ-019 | C118: 45916 | D118: Fergana Textile HQ | F118: Outsourcing — konstruktiv hisob | G118: Fergana Textile | H118: Rahimov Jasur | I118: Nazarov Ilhom | J118: SH-019 | K118: =IF(L118=0,0,L118/LOOKUP(C118,Settings!$F$5:$F$20,Settings!$G$5:$G$20)) -> 39370.079 | L118: 500000000 | M118: =IF(N118=0,0,N118/LOOKUP(C118,Settings!$F$5:$F$20,Settings!$G$5:$G$20)) -> 1787.9101 | N118: 22706458 | O118: =K118-M118 -> 37582.169 | P118: =L118-N118 -> 477293542 | Q118: Naqd | R118: Outsourcing | S118: 45931 | T118: Kutilmoqda | U118: StroyExpert LLC
A119: 117 | B119: PRJ-019 | C119: 45917 | D119: Fergana Textile HQ | F119: Outsourcing — elektr loyiha | G119: Fergana Textile | H119: Rahimov Jasur | I119: Mirzayev Akmal | J119: SH-019 | K119: =IF(L119=0,0,L119/LOOKUP(C119,Settings!$F$5:$F$20,Settings!$G$5:$G$20)) -> 39370.079 | L119: 500000000 | M119: =IF(N119=0,0,N119/LOOKUP(C119,Settings!$F$5:$F$20,Settings!$G$5:$G$20)) -> 2023.0057 | N119: 25692172 | O119: =K119-M119 -> 37347.073 | P119: =L119-N119 -> 474307828 | Q119: Naqd | R119: Outsourcing | S119: 45932 | T119: To'langan | U119: ElectroPlan
A120: 118 | B120: PRJ-020 | C120: 45990 | D120: Toshkent Luxury Villa | F120: Outsourcing — elektr loyiha | G120: Premium Homes LLC | H120: Aliyev Sardor | I120: Nazarov Ilhom | J120: SH-020 | K120: =IF(L120=0,0,L120/LOOKUP(C120,Settings!$F$5:$F$20,Settings!$G$5:$G$20)) -> 25000 | L120: 320000000 | M120: =IF(N120=0,0,N120/LOOKUP(C120,Settings!$F$5:$F$20,Settings!$G$5:$G$20)) -> 1905.6091 | N120: 24391796 | O120: =K120-M120 -> 23094.391 | P120: =L120-N120 -> 295608204 | Q120: Bank o'tkazmasi | R120: Outsourcing | S120: 46005 | T120: To'langan | U120: StroyExpert LLC
A121: 119 | B121: PRJ-020 | C121: 45991 | D121: Toshkent Luxury Villa | F121: Material — chop etish | G121: Premium Homes LLC | H121: Aliyev Sardor | I121: Xolmatov Doniyor | J121: SH-020 | K121: =IF(L121=0,0,L121/LOOKUP(C121,Settings!$F$5:$F$20,Settings!$G$5:$G$20)) -> 25000 | L121: 320000000 | M121: =IF(N121=0,0,N121/LOOKUP(C121,Settings!$F$5:$F$20,Settings!$G$5:$G$20)) -> 349.78641 | N121: 4477266 | O121: =K121-M121 -> 24650.214 | P121: =L121-N121 -> 315522734 | Q121: Naqd | R121: Material | S121: 46001 | T121: To'langan
A122: 120 | B122: PRJ-020 | C122: 46006 | D122: Toshkent Luxury Villa | F122: Outsourcing — elektr loyiha | G122: Premium Homes LLC | H122: Aliyev Sardor | I122: Nazarov Ilhom | J122: SH-020 | K122: =IF(L122=0,0,L122/LOOKUP(C122,Settings!$F$5:$F$20,Settings!$G$5:$G$20)) -> 25000 | L122: 320000000 | M122: =IF(N122=0,0,N122/LOOKUP(C122,Settings!$F$5:$F$20,Settings!$G$5:$G$20)) -> 885.11953 | N122: 11329530 | O122: =K122-M122 -> 24114.88 | P122: =L122-N122 -> 308670470 | Q122: Naqd | R122: Outsourcing | S122: 46021 | T122: Kutilmoqda | U122: StroyExpert LLC
A123: 121 | B123: PRJ-020 | C123: 46036 | D123: Toshkent Luxury Villa | F123: Outsourcing — geodeziya | G123: Premium Homes LLC | H123: Aliyev Sardor | I123: Nazarov Ilhom | J123: SH-020 | K123: =IF(L123=0,0,L123/LOOKUP(C123,Settings!$F$5:$F$20,Settings!$G$5:$G$20)) -> 24902.724 | L123: 320000000 | M123: =IF(N123=0,0,N123/LOOKUP(C123,Settings!$F$5:$F$20,Settings!$G$5:$G$20)) -> 1823.6335 | N123: 23433691 | O123: =K123-M123 -> 23079.09 | P123: =L123-N123 -> 296566309 | Q123: Naqd | R123: Outsourcing | S123: 46051 | T123: Kutilmoqda | U123: StroyExpert LLC
A124: 122 | B124: PRJ-001 | C124: 44767 | D124: Toshkent City Tower | F124: MIZAN xarajati — 1/8-oy | H124: Aliyev Sardor | I124: Raximova Shaxlo | J124: SH-001 | M124: =IF(N124=0,0,N124/LOOKUP(C124,Settings!$F$5:$F$20,Settings!$G$5:$G$20)) -> 1081.6926 | N124: 11736365 | O124: =K124-M124 -> -1081.6926 | P124: =L124-N124 -> -11736365 | Q124: Ichki hisob | R124: MIZAN | S124: 44823 | T124: To'langan | U124: 1-oy / 8 oy
A125: 123 | B125: PRJ-001 | C125: 44798 | D125: Toshkent City Tower | F125: MIZAN xarajati — 2/8-oy | H125: Aliyev Sardor | I125: Raximova Shaxlo | J125: SH-001 | M125: =IF(N125=0,0,N125/LOOKUP(C125,Settings!$F$5:$F$20,Settings!$G$5:$G$20)) -> 2764.4706 | N125: 29994506 | O125: =K125-M125 -> -2764.4706 | P125: =L125-N125 -> -29994506 | Q125: Ichki hisob | R125: MIZAN | S125: 44889 | T125: To'langan | U125: 2-oy / 8 oy
A126: 124 | B126: PRJ-002 | C126: 44798 | D126: Samarqand Hotel | F126: MIZAN xarajati — 1/10-oy | H126: Karimov Davron | I126: Raximova Shaxlo | J126: SH-002 | M126: =IF(N126=0,0,N126/LOOKUP(C126,Settings!$F$5:$F$20,Settings!$G$5:$G$20)) -> 1796.6023 | N126: 19493135 | O126: =K126-M126 -> -1796.6023 | P126: =L126-N126 -> -19493135 | Q126: Ichki hisob | R126: MIZAN | S126: 44905 | T126: To'langan | U126: 1-oy / 10 oy
A127: 125 | B127: PRJ-001 | C127: 44829 | D127: Toshkent City Tower | F127: MIZAN xarajati — 3/8-oy | H127: Aliyev Sardor | I127: Raximova Shaxlo | J127: SH-001 | M127: =IF(N127=0,0,N127/LOOKUP(C127,Settings!$F$5:$F$20,Settings!$G$5:$G$20)) -> 1820.1688 | N127: 19748832 | O127: =K127-M127 -> -1820.1688 | P127: =L127-N127 -> -19748832 | Q127: Ichki hisob | R127: MIZAN | S127: 44940 | T127: To'langan | U127: 3-oy / 8 oy
A128: 126 | B128: PRJ-002 | C128: 44829 | D128: Samarqand Hotel | F128: MIZAN xarajati — 2/10-oy | H128: Karimov Davron | I128: Raximova Shaxlo | J128: SH-002 | M128: =IF(N128=0,0,N128/LOOKUP(C128,Settings!$F$5:$F$20,Settings!$G$5:$G$20)) -> 2912.8127 | N128: 31604018 | O128: =K128-M128 -> -2912.8127 | P128: =L128-N128 -> -31604018 | Q128: Ichki hisob | R128: MIZAN | S128: 44950 | T128: To'langan | U128: 2-oy / 10 oy
A129: 127 | B129: PRJ-001 | C129: 44859 | D129: Toshkent City Tower | F129: MIZAN xarajati — 4/8-oy | H129: Aliyev Sardor | I129: Raximova Shaxlo | J129: SH-001 | M129: =IF(N129=0,0,N129/LOOKUP(C129,Settings!$F$5:$F$20,Settings!$G$5:$G$20)) -> 2444.7787 | N129: 27014805 | O129: =K129-M129 -> -2444.7787 | P129: =L129-N129 -> -27014805 | Q129: Ichki hisob | R129: MIZAN | S129: 45011 | T129: To'langan | U129: 4-oy / 8 oy
A130: 128 | B130: PRJ-002 | C130: 44859 | D130: Samarqand Hotel | F130: MIZAN xarajati — 3/10-oy | H130: Karimov Davron | I130: Raximova Shaxlo | J130: SH-002 | M130: =IF(N130=0,0,N130/LOOKUP(C130,Settings!$F$5:$F$20,Settings!$G$5:$G$20)) -> 3175.5539 | N130: 35089871 | O130: =K130-M130 -> -3175.5539 | P130: =L130-N130 -> -35089871 | Q130: Ichki hisob | R130: MIZAN | S130: 45034 | T130: To'langan | U130: 3-oy / 10 oy
A131: 129 | B131: PRJ-003 | C131: 44859 | D131: Buxoro Madaniyat Markazi | F131: MIZAN xarajati — 1/6-oy | H131: Rahimov Jasur | I131: Raximova Shaxlo | J131: SH-003 | M131: =IF(N131=0,0,N131/LOOKUP(C131,Settings!$F$5:$F$20,Settings!$G$5:$G$20)) -> 742.89475 | N131: 8208987 | O131: =K131-M131 -> -742.89475 | P131: =L131-N131 -> -8208987 | Q131: Ichki hisob | R131: MIZAN | S131: 45054 | T131: To'langan | U131: 1-oy / 6 oy
A132: 130 | B132: PRJ-001 | C132: 44890 | D132: Toshkent City Tower | F132: MIZAN xarajati — 5/8-oy | H132: Aliyev Sardor | I132: Raximova Shaxlo | J132: SH-001 | M132: =IF(N132=0,0,N132/LOOKUP(C132,Settings!$F$5:$F$20,Settings!$G$5:$G$20)) -> 1968.5415 | N132: 21752384 | O132: =K132-M132 -> -1968.5415 | P132: =L132-N132 -> -21752384 | Q132: Ichki hisob | R132: MIZAN | S132: 45049 | T132: To'langan | U132: 5-oy / 8 oy
A133: 131 | B133: PRJ-002 | C133: 44890 | D133: Samarqand Hotel | F133: MIZAN xarajati — 4/10-oy | H133: Karimov Davron | I133: Raximova Shaxlo | J133: SH-002 | M133: =IF(N133=0,0,N133/LOOKUP(C133,Settings!$F$5:$F$20,Settings!$G$5:$G$20)) -> 1522.8725 | N133: 16827741 | O133: =K133-M133 -> -1522.8725 | P133: =L133-N133 -> -16827741 | Q133: Ichki hisob | R133: MIZAN | S133: 45107 | T133: To'langan | U133: 4-oy / 10 oy
A134: 132 | B134: PRJ-003 | C134: 44890 | D134: Buxoro Madaniyat Markazi | F134: MIZAN xarajati — 2/6-oy | H134: Rahimov Jasur | I134: Raximova Shaxlo | J134: SH-003 | M134: =IF(N134=0,0,N134/LOOKUP(C134,Settings!$F$5:$F$20,Settings!$G$5:$G$20)) -> 1532.5662 | N134: 16934856 | O134: =K134-M134 -> -1532.5662 | P134: =L134-N134 -> -16934856 | Q134: Ichki hisob | R134: MIZAN | S134: 45133 | T134: To'langan | U134: 2-oy / 6 oy
A135: 133 | B135: PRJ-001 | C135: 44920 | D135: Toshkent City Tower | F135: MIZAN xarajati — 6/8-oy | H135: Aliyev Sardor | I135: Raximova Shaxlo | J135: SH-001 | M135: =IF(N135=0,0,N135/LOOKUP(C135,Settings!$F$5:$F$20,Settings!$G$5:$G$20)) -> 2744.6622 | N135: 30328517 | O135: =K135-M135 -> -2744.6622 | P135: =L135-N135 -> -30328517 | Q135: Ichki hisob | R135: MIZAN | S135: 45149 | T135: To'langan | U135: 6-oy / 8 oy
... A147: 145 | B147: PRJ-005 | C147: 44982 | D147: Nukus Biznes Markazi | F147: MIZAN xarajati — 1/5-oy | H147: Karimov Davron | I147: Raximova Shaxlo | J147: SH-005 | M147: =IF(N147=0,0,N147/LOOKUP(C147,Settings!$F$5:$F$20,Settings!$G$5:$G$20)) -> 671.93089 | N147: 7525626 | O147: =K147-M147 -> -671.93089 | P147: =L147-N147 -> -7525626 | Q147: Ichki hisob | R147: MIZAN | S147: 45351 | T147: To'langan | U147: 1-oy / 5 oy
A148: 146 | B148: PRJ-001 | C148: 44990 | D148: Toshkent City Tower | F148: YAKUNIY HISOB — Plan vs Fakt farqi | H148: Aliyev Sardor | I148: Raximova Shaxlo | J148: SH-001 | M148: =IF(N148=0,0,N148/LOOKUP(C148,Settings!$F$5:$F$20,Settings!$G$5:$G$20)) -> 2985.7213 | N148: ='Proekt vaqt va Risk'!T4-(N124+N125+N127+N129+N132+N135+N139+N143) -> 33440078 | O148: =K148-M148 -> -2985.7213 | P148: =L148-N148 -> -33440078 | Q148: Ichki hisob | R148: MIZAN | S148: 45362 | T148: To'langan | U148: Yakuniy tuzatish: Plan vs Fakt farqi
A149: 147 | B149: PRJ-002 | C149: 45010 | D149: Samarqand Hotel | F149: MIZAN xarajati — 8/10-oy | H149: Karimov Davron | I149: Raximova Shaxlo | J149: SH-002 | M149: =IF(N149=0,0,N149/LOOKUP(C149,Settings!$F$5:$F$20,Settings!$G$5:$G$20)) -> 3686.1946 | N149: 41285380 | O149: =K149-M149 -> -3686.1946 | P149: =L149-N149 -> -41285380 | Q149: Ichki hisob | R149: MIZAN | S149: 45364 | T149: To'langan | U149: 8-oy / 10 oy
A150: 148 | B150: PRJ-003 | C150: 45010 | D150: Buxoro Madaniyat Markazi | F150: MIZAN xarajati — 6/6-oy | H150: Rahimov Jasur | I150: Raximova Shaxlo | J150: SH-003 | M150: =IF(N150=0,0,N150/LOOKUP(C150,Settings!$F$5:$F$20,Settings!$G$5:$G$20)) -> 723.75009 | N150: 8106001 | O150: =K150-M150 -> -723.75009 | P150: =L150-N150 -> -8106001 | Q150: Ichki hisob | R150: MIZAN | S150: 45406 | T150: To'langan | U150: 6-oy / 6 oy
A151: 149 | B151: PRJ-004 | C151: 45010 | D151: Chilonzor Turar-joy | F151: MIZAN xarajati — 4/5-oy | H151: Aliyev Sardor | I151: Raximova Shaxlo | J151: SH-004 | M151: =IF(N151=0,0,N151/LOOKUP(C151,Settings!$F$5:$F$20,Settings!$G$5:$G$20)) -> 977.47446 | N151: 10947714 | O151: =K151-M151 -> -977.47446 | P151: =L151-N151 -> -10947714 | Q151: Ichki hisob | R151: MIZAN | S151: 45420 | T151: To'langan | U151: 4-oy / 5 oy
A152: 150 | B152: PRJ-005 | C152: 45010 | D152: Nukus Biznes Markazi | F152: MIZAN xarajati — 2/5-oy | H152: Karimov Davron | I152: Raximova Shaxlo | J152: SH-005 | M152: =IF(N152=0,0,N152/LOOKUP(C152,Settings!$F$5:$F$20,Settings!$G$5:$G$20)) -> 1429.0455 | N152: 16005310 | O152: =K152-M152 -> -1429.0455 | P152: =L152-N152 -> -16005310 | Q152: Ichki hisob | R152: MIZAN | S152: 45448 | T152: To'langan | U152: 2-oy / 5 oy
A153: 151 | B153: PRJ-003 | C153: 45021 | D153: Buxoro Madaniyat Markazi | F153: YAKUNIY HISOB — Plan vs Fakt farqi | H153: Rahimov Jasur | I153: Raximova Shaxlo | J153: SH-003 | M153: =IF(N153=0,0,N153/LOOKUP(C153,Settings!$F$5:$F$20,Settings!$G$5:$G$20)) -> 10660.689 | N153: ='Proekt vaqt va Risk'!T6-(N131+N134+N137+N141+N145+N150) -> 1.2099882e+08 | O153: =K153-M153 -> -10660.689 | P153: =L153-N153 -> -1.2099882e+08 | Q153: Ichki hisob | R153: MIZAN | S153: 45458 | T153: To'langan | U153: Yakuniy tuzatish: Plan vs Fakt farqi
A154: 152 | B154: PRJ-002 | C154: 45041 | D154: Samarqand Hotel | F154: MIZAN xarajati — 9/10-oy | H154: Karimov Davron | I154: Raximova Shaxlo | J154: SH-002 | M154: =IF(N154=0,0,N154/LOOKUP(C154,Settings!$F$5:$F$20,Settings!$G$5:$G$20)) -> 3337.6233 | N154: 37882025 | O154: =K154-M154 -> -3337.6233 | P154: =L154-N154 -> -37882025 | Q154: Ichki hisob | R154: MIZAN | S154: 45465 | T154: To'langan | U154: 9-oy / 10 oy
A155: 153 | B155: PRJ-004 | C155: 45041 | D155: Chilonzor Turar-joy | F155: MIZAN xarajati — 5/5-oy | H155: Aliyev Sardor | I155: Raximova Shaxlo | J155: SH-004 | M155: =IF(N155=0,0,N155/LOOKUP(C155,Settings!$F$5:$F$20,Settings!$G$5:$G$20)) -> 552.64608 | N155: 6272533 | O155: =K155-M155 -> -552.64608 | P155: =L155-N155 -> -6272533 | Q155: Ichki hisob | R155: MIZAN | S155: 45484 | T155: To'langan | U155: 5-oy / 5 oy
A156: 154 | B156: PRJ-005 | C156: 45041 | D156: Nukus Biznes Markazi | F156: MIZAN xarajati — 3/5-oy | H156: Karimov Davron | I156: Raximova Shaxlo | J156: SH-005 | M156: =IF(N156=0,0,N156/LOOKUP(C156,Settings!$F$5:$F$20,Settings!$G$5:$G$20)) -> 1225.9944 | N156: 13915037 | O156: =K156-M156 -> -1225.9944 | P156: =L156-N156 -> -13915037 | Q156: Ichki hisob | R156: MIZAN | S156: 45480 | T156: To'langan | U156: 3-oy / 5 oy
A157: 155 | B157: PRJ-006 | C157: 45041 | D157: Fargona Shopping Mall | F157: MIZAN xarajati — 1/9-oy | H157: Toshmatov Bekzod | I157: Raximova Shaxlo | J157: SH-006 | M157: =IF(N157=0,0,N157/LOOKUP(C157,Settings!$F$5:$F$20,Settings!$G$5:$G$20)) -> 1209.0104 | N157: 13722268 | O157: =K157-M157 -> -1209.0104 | P157: =L157-N157 -> -13722268 | Q157: Ichki hisob | R157: MIZAN | S157: 45546 | T157: To'langan | U157: 1-oy / 9 oy
A158: 156 | B158: PRJ-004 | C158: 45051 | D158: Chilonzor Turar-joy | F158: YAKUNIY HISOB — Plan vs Fakt farqi | H158: Aliyev Sardor | I158: Raximova Shaxlo | J158: SH-004 | M158: =IF(N158=0,0,N158/LOOKUP(C158,Settings!$F$5:$F$20,Settings!$G$5:$G$20)) -> 10457.721 | N158: ='Proekt vaqt va Risk'!T7-(N138+N142+N146+N151+N155) -> 1.1869514e+08 | O158: =K158-M158 -> -10457.721 | P158: =L158-N158 -> -1.1869514e+08 | Q158: Ichki hisob | R158: MIZAN | S158: 45583 | T158: To'langan | U158: Yakuniy tuzatish: Plan vs Fakt farqi
A159: 157 | B159: PRJ-002 | C159: 45071 | D159: Samarqand Hotel | F159: MIZAN xarajati — 10/10-oy | H159: Karimov Davron | I159: Raximova Shaxlo | J159: SH-002 | M159: =IF(N159=0,0,N159/LOOKUP(C159,Settings!$F$5:$F$20,Settings!$G$5:$G$20)) -> 1343.4655 | N159: 15248333 | O159: =K159-M159 -> -1343.4655 | P159: =L159-N159 -> -15248333 | Q159: Ichki hisob | R159: MIZAN | S159: 45609 | T159: To'langan | U159: 10-oy / 10 oy
...

Sheet MIZAN
A2: No | B2: No ID | C2: sana | D2: Tushum nomi | E2: Harajat nomi | F2: mas'ul shaxs | G2: Kim yoki kimga to'langan | H2: Hujjat ID | I2: Shartnoma (UZS) | J2: Summa (UZS) | K2: Qoldiq (UZS) | L2: Shartnoma (USD) | M2: Summa (USD) | N2: Qoldiq (USD) | O2: sharx
A3: 1 | B3: MZ-0006 | C3: 44747 | E3: Dasturlar litsenziya | F3: Xolmatov Ulugbek | G3: Kamolov Rustam | H3: MZ-0006 | J3: 32000000 | K3: =I3-J3 -> -32000000 | L3: =IF(I3=0,0,I3/LOOKUP(C3,Settings!$F$5:$F$20,Settings!$G$5:$G$20)) -> 0 | M3: =IF(J3=0,0,J3/LOOKUP(C3,Settings!$F$5:$F$20,Settings!$G$5:$G$20)) -> 2949.3088 | N3: =L3-M3 -> -2949.3088 | O3: Yillik
A4: 2 | B4: MZ-0009 | C4: 44751 | E4: Malaka oshirish | F4: Azimov Bobur | G4: Xasanova Dilfuza | H4: MZ-0009 | J4: 4432780 | K4: =I4-J4 -> -4432780 | L4: =IF(I4=0,0,I4/LOOKUP(C4,Settings!$F$5:$F$20,Settings!$G$5:$G$20)) -> 0 | M4: =IF(J4=0,0,J4/LOOKUP(C4,Settings!$F$5:$F$20,Settings!$G$5:$G$20)) -> 408.55115 | N4: =L4-M4 -> -408.55115
A5: 3 | B5: MZ-0004 | C5: 44752 | E5: Ofis ijarasi | F5: Kamolov Rustam | G5: Kamolov Rustam | H5: MZ-0004 | J5: 15000000 | K5: =I5-J5 -> -15000000 | L5: =IF(I5=0,0,I5/LOOKUP(C5,Settings!$F$5:$F$20,Settings!$G$5:$G$20)) -> 0 | M5: =IF(J5=0,0,J5/LOOKUP(C5,Settings!$F$5:$F$20,Settings!$G$5:$G$20)) -> 1382.4885 | N5: =L5-M5 -> -1382.4885
A6: 4 | B6: MZ-0005 | C6: 44757 | E6: Ovqat xarajatlari | F6: Kamolov Rustam | G6: Kamolov Rustam | H6: MZ-0005 | J6: 9378610 | K6: =I6-J6 -> -9378610 | L6: =IF(I6=0,0,I6/LOOKUP(C6,Settings!$F$5:$F$20,Settings!$G$5:$G$20)) -> 0 | M6: =IF(J6=0,0,J6/LOOKUP(C6,Settings!$F$5:$F$20,Settings!$G$5:$G$20)) -> 864.38802 | N6: =L6-M6 -> -864.38802
A7: 5 | B7: MZ-0008 | C7: 44757 | E7: Kommunal to'lovlar | F7: Kamolov Rustam | G7: Kamolov Rustam | H7: MZ-0008 | J7: 6776176 | K7: =I7-J7 -> -6776176 | L7: =IF(I7=0,0,I7/LOOKUP(C7,Settings!$F$5:$F$20,Settings!$G$5:$G$20)) -> 0 | M7: =IF(J7=0,0,J7/LOOKUP(C7,Settings!$F$5:$F$20,Settings!$G$5:$G$20)) -> 624.53235 | N7: =L7-M7 -> -624.53235
A8: 6 | B8: MZ-0001 | C8: 44762 | D8: PRJ-001 MIZAN ulushi | F8: MIZAN | G8: Raximova Shaxlo | H8: SH-001 | J8: 129606840 | K8: =I8-J8 -> -129606840 | L8: =IF(I8=0,0,I8/LOOKUP(C8,Settings!$F$5:$F$20,Settings!$G$5:$G$20)) -> 0 | M8: =IF(J8=0,0,J8/LOOKUP(C8,Settings!$F$5:$F$20,Settings!$G$5:$G$20)) -> 11945.331 | N8: =L8-M8 -> -11945.331 | O8: Proekt ulushi
A9: 7 | B9: MZ-0007 | C9: 44762 | E9: Soliqlar | F9: Sobirova Malika | G9: Sobirova Malika | H9: MZ-0007 | J9: 90859101 | K9: =I9-J9 -> -90859101 | L9: =IF(I9=0,0,I9/LOOKUP(C9,Settings!$F$5:$F$20,Settings!$G$5:$G$20)) -> 0 | M9: =IF(J9=0,0,J9/LOOKUP(C9,Settings!$F$5:$F$20,Settings!$G$5:$G$20)) -> 8374.1107 | N9: =L9-M9 -> -8374.1107
A10: 8 | B10: MZ-0002 | C10: 44770 | E10: Xodimlar ish haqi | F10: Sobirova Malika | G10: Sobirova Malika | H10: MZ-0002 | J10: 357000000 | K10: =I10-J10 -> -357000000 | L10: =IF(I10=0,0,I10/LOOKUP(C10,Settings!$F$5:$F$20,Settings!$G$5:$G$20)) -> 0 | M10: =IF(J10=0,0,J10/LOOKUP(C10,Settings!$F$5:$F$20,Settings!$G$5:$G$20)) -> 32903.226 | N10: =L10-M10 -> -32903.226 | O10: 22 xodim
A11: 9 | B11: MZ-0003 | C11: 44770 | E11: Premiyalar | F11: Sobirova Malika | G11: Raximova Shaxlo | H11: MZ-0003 | J11: 43629074 | K11: =I11-J11 -> -43629074 | L11: =IF(I11=0,0,I11/LOOKUP(C11,Settings!$F$5:$F$20,Settings!$G$5:$G$20)) -> 0 | M11: =IF(J11=0,0,J11/LOOKUP(C11,Settings!$F$5:$F$20,Settings!$G$5:$G$20)) -> 4021.1128 | N11: =L11-M11 -> -4021.1128
A12: 10 | B12: MZ-0013 | C12: 44783 | E12: Ofis ijarasi | F12: Kamolov Rustam | G12: Kamolov Rustam | H12: MZ-0013 | J12: 15000000 | K12: =I12-J12 -> -15000000 | L12: =IF(I12=0,0,I12/LOOKUP(C12,Settings!$F$5:$F$20,Settings!$G$5:$G$20)) -> 0 | M12: =IF(J12=0,0,J12/LOOKUP(C12,Settings!$F$5:$F$20,Settings!$G$5:$G$20)) -> 1382.4885 | N12: =L12-M12 -> -1382.4885
A13: 11 | B13: MZ-0014 | C13: 44788 | E13: Ovqat xarajatlari | F13: Kamolov Rustam | G13: Kamolov Rustam | H13: MZ-0014 | J13: 7906208 | K13: =I13-J13 -> -7906208 | L13: =IF(I13=0,0,I13/LOOKUP(C13,Settings!$F$5:$F$20,Settings!$G$5:$G$20)) -> 0 | M13: =IF(J13=0,0,J13/LOOKUP(C13,Settings!$F$5:$F$20,Settings!$G$5:$G$20)) -> 728.68276 | N13: =L13-M13 -> -728.68276
A14: 12 | B14: MZ-0016 | C14: 44788 | E14: Kommunal to'lovlar | F14: Kamolov Rustam | G14: Kamolov Rustam | H14: MZ-0016 | J14: 6925742 | K14: =I14-J14 -> -6925742 | L14: =IF(I14=0,0,I14/LOOKUP(C14,Settings!$F$5:$F$20,Settings!$G$5:$G$20)) -> 0 | M14: =IF(J14=0,0,J14/LOOKUP(C14,Settings!$F$5:$F$20,Settings!$G$5:$G$20)) -> 638.31724 | N14: =L14-M14 -> -638.31724
A15: 13 | B15: MZ-0010 | C15: 44793 | D15: PRJ-002 MIZAN ulushi | F15: MIZAN | G15: Raximova Shaxlo | H15: SH-002 | J15: 264153382 | K15: =I15-J15 -> -264153382 | L15: =IF(I15=0,0,I15/LOOKUP(C15,Settings!$F$5:$F$20,Settings!$G$5:$G$20)) -> 0 | M15: =IF(J15=0,0,J15/LOOKUP(C15,Settings!$F$5:$F$20,Settings!$G$5:$G$20)) -> 24345.934 | N15: =L15-M15 -> -24345.934 | O15: Proekt ulushi
A16: 14 | B16: MZ-0015 | C16: 44793 | E16: Soliqlar | F16: Sobirova Malika | G16: Sobirova Malika | H16: MZ-0015 | J16: 80531880 | K16: =I16-J16 -> -80531880 | L16: =IF(I16=0,0,I16/LOOKUP(C16,Settings!$F$5:$F$20,Settings!$G$5:$G$20)) -> 0 | M16: =IF(J16=0,0,J16/LOOKUP(C16,Settings!$F$5:$F$20,Settings!$G$5:$G$20)) -> 7422.2931 | N16: =L16-M16 -> -7422.2931
A17: 15 | B17: MZ-0011 | C17: 44801 | E17: Xodimlar ish haqi | F17: Sobirova Malika | G17: Sobirova Malika | H17: MZ-0011 | J17: 357000000 | K17: =I17-J17 -> -357000000 | L17: =IF(I17=0,0,I17/LOOKUP(C17,Settings!$F$5:$F$20,Settings!$G$5:$G$20)) -> 0 | M17: =IF(J17=0,0,J17/LOOKUP(C17,Settings!$F$5:$F$20,Settings!$G$5:$G$20)) -> 32903.226 | N17: =L17-M17 -> -32903.226 | O17: 22 xodim
A18: 16 | B18: MZ-0012 | C18: 44801 | E18: Premiyalar | F18: Sobirova Malika | G18: Raximova Shaxlo | H18: MZ-0012 | J18: 34018230 | K18: =I18-J18 -> -34018230 | L18: =IF(I18=0,0,I18/LOOKUP(C18,Settings!$F$5:$F$20,Settings!$G$5:$G$20)) -> 0 | M18: =IF(J18=0,0,J18/LOOKUP(C18,Settings!$F$5:$F$20,Settings!$G$5:$G$20)) -> 3135.3207 | N18: =L18-M18 -> -3135.3207
A19: 17 | B19: MZ-0019 | C19: 44814 | E19: Ofis ijarasi | F19: Kamolov Rustam | G19: Kamolov Rustam | H19: MZ-0019 | J19: 15000000 | K19: =I19-J19 -> -15000000 | L19: =IF(I19=0,0,I19/LOOKUP(C19,Settings!$F$5:$F$20,Settings!$G$5:$G$20)) -> 0 | M19: =IF(J19=0,0,J19/LOOKUP(C19,Settings!$F$5:$F$20,Settings!$G$5:$G$20)) -> 1382.4885 | N19: =L19-M19 -> -1382.4885
A20: 18 | B20: MZ-0020 | C20: 44819 | E20: Ovqat xarajatlari | F20: Kamolov Rustam | G20: Kamolov Rustam | H20: MZ-0020 | J20: 7113355 | K20: =I20-J20 -> -7113355 | L20: =IF(I20=0,0,I20/LOOKUP(C20,Settings!$F$5:$F$20,Settings!$G$5:$G$20)) -> 0 | M20: =IF(J20=0,0,J20/LOOKUP(C20,Settings!$F$5:$F$20,Settings!$G$5:$G$20)) -> 655.60876 | N20: =L20-M20 -> -655.60876
A21: 19 | B21: MZ-0022 | C21: 44819 | E21: Kommunal to'lovlar | F21: Kamolov Rustam | G21: Kamolov Rustam | H21: MZ-0022 | J21: 5495781 | K21: =I21-J21 -> -5495781 | L21: =IF(I21=0,0,I21/LOOKUP(C21,Settings!$F$5:$F$20,Settings!$G$5:$G$20)) -> 0 | M21: =IF(J21=0,0,J21/LOOKUP(C21,Settings!$F$5:$F$20,Settings!$G$5:$G$20)) -> 506.52359 | N21: =L21-M21 -> -506.52359
A22: 20 | B22: MZ-0021 | C22: 44824 | E22: Soliqlar | F22: Sobirova Malika | G22: Sobirova Malika | H22: MZ-0021 | J22: 88422328 | K22: =I22-J22 -> -88422328 | L22: =IF(I22=0,0,I22/LOOKUP(C22,Settings!$F$5:$F$20,Settings!$G$5:$G$20)) -> 0 | M22: =IF(J22=0,0,J22/LOOKUP(C22,Settings!$F$5:$F$20,Settings!$G$5:$G$20)) -> 8149.5233 | N22: =L22-M22 -> -8149.5233
A23: 21 | B23: MZ-0017 | C23: 44832 | E23: Xodimlar ish haqi | F23: Sobirova Malika | G23: Sobirova Malika | H23: MZ-0017 | J23: 357000000 | K23: =I23-J23 -> -357000000 | L23: =IF(I23=0,0,I23/LOOKUP(C23,Settings!$F$5:$F$20,Settings!$G$5:$G$20)) -> 0 | M23: =IF(J23=0,0,J23/LOOKUP(C23,Settings!$F$5:$F$20,Settings!$G$5:$G$20)) -> 32903.226 | N23: =L23-M23 -> -32903.226 | O23: 22 xodim
A24: 22 | B24: MZ-0018 | C24: 44832 | E24: Premiyalar | F24: Sobirova Malika | G24: Raximova Shaxlo | H24: MZ-0018 | J24: 61285829 | K24: =I24-J24 -> -61285829 | L24: =IF(I24=0,0,I24/LOOKUP(C24,Settings!$F$5:$F$20,Settings!$G$5:$G$20)) -> 0 | M24: =IF(J24=0,0,J24/LOOKUP(C24,Settings!$F$5:$F$20,Settings!$G$5:$G$20)) -> 5648.4635 | N24: =L24-M24 -> -5648.4635
A25: 23 | B25: MZ-0026 | C25: 44844 | E25: Ofis ijarasi | F25: Kamolov Rustam | G25: Kamolov Rustam | H25: MZ-0026 | J25: 15000000 | K25: =I25-J25 -> -15000000 | L25: =IF(I25=0,0,I25/LOOKUP(C25,Settings!$F$5:$F$20,Settings!$G$5:$G$20)) -> 0 | M25: =IF(J25=0,0,J25/LOOKUP(C25,Settings!$F$5:$F$20,Settings!$G$5:$G$20)) -> 1357.4661 | N25: =L25-M25 -> -1357.4661
A26: 24 | B26: MZ-0027 | C26: 44849 | E26: Ovqat xarajatlari | F26: Kamolov Rustam | G26: Kamolov Rustam | H26: MZ-0027 | J26: 8030098 | K26: =I26-J26 -> -8030098 | L26: =IF(I26=0,0,I26/LOOKUP(C26,Settings!$F$5:$F$20,Settings!$G$5:$G$20)) -> 0 | M26: =IF(J26=0,0,J26/LOOKUP(C26,Settings!$F$5:$F$20,Settings!$G$5:$G$20)) -> 726.7057 | N26: =L26-M26 -> -726.7057
A27: 25 | B27: MZ-0029 | C27: 44849 | E27: Kommunal to'lovlar | F27: Kamolov Rustam | G27: Kamolov Rustam | H27: MZ-0029 | J27: 6720068 | K27: =I27-J27 -> -6720068 | L27: =IF(I27=0,0,I27/LOOKUP(C27,Settings!$F$5:$F$20,Settings!$G$5:$G$20)) -> 0 | M27: =IF(J27=0,0,J27/LOOKUP(C27,Settings!$F$5:$F$20,Settings!$G$5:$G$20)) -> 608.15095 | N27: =L27-M27 -> -608.15095
A28: 26 | B28: MZ-0023 | C28: 44854 | D28: PRJ-003 MIZAN ulushi | F28: MIZAN | G28: Raximova Shaxlo | H28: SH-003 | J28: 102012349 | K28: =I28-J28 -> -102012349 | L28: =IF(I28=0,0,I28/LOOKUP(C28,Settings!$F$5:$F$20,Settings!$G$5:$G$20)) -> 0 | M28: =IF(J28=0,0,J28/LOOKUP(C28,Settings!$F$5:$F$20,Settings!$G$5:$G$20)) -> 9231.8868 | N28: =L28-M28 -> -9231.8868 | O28: Proekt ulushi
A29: 27 | B29: MZ-0028 | C29: 44854 | E29: Soliqlar | F29: Sobirova Malika | G29: Sobirova Malika | H29: MZ-0028 | J29: 88756222 | K29: =I29-J29 -> -88756222 | L29: =IF(I29=0,0,I29/LOOKUP(C29,Settings!$F$5:$F$20,Settings!$G$5:$G$20)) -> 0 | M29: =IF(J29=0,0,J29/LOOKUP(C29,Settings!$F$5:$F$20,Settings!$G$5:$G$20)) -> 8032.2373 | N29: =L29-M29 -> -8032.2373
A30: 28 | B30: MZ-0024 | C30: 44862 | E30: Xodimlar ish haqi | F30: Sobirova Malika | G30: Sobirova Malika | H30: MZ-0024 | J30: 357000000 | K30: =I30-J30 -> -357000000 | L30: =IF(I30=0,0,I30/LOOKUP(C30,Settings!$F$5:$F$20,Settings!$G$5:$G$20)) -> 0 | M30: =IF(J30=0,0,J30/LOOKUP(C30,Settings!$F$5:$F$20,Settings!$G$5:$G$20)) -> 32307.692 | N30: =L30-M30 -> -32307.692 | O30: 22 xodim
A31: 29 | B31: MZ-0025 | C31: 44862 | E31: Premiyalar | F31: Sobirova Malika | G31: Raximova Shaxlo | H31: MZ-0025 | J31: 44250035 | K31: =I31-J31 -> -44250035 | L31: =IF(I31=0,0,I31/LOOKUP(C31,Settings!$F$5:$F$20,Settings!$G$5:$G$20)) -> 0 | M31: =IF(J31=0,0,J31/LOOKUP(C31,Settings!$F$5:$F$20,Settings!$G$5:$G$20)) -> 4004.5281 | N31: =L31-M31 -> -4004.5281
A32: 30 | B32: MZ-0035 | C32: 44867 | E32: Malaka oshirish | F32: Azimov Bobur | G32: Xasanova Dilfuza | H32: MZ-0035 | J32: 3975622 | K32: =I32-J32 -> -3975622 | L32: =IF(I32=0,0,I32/LOOKUP(C32,Settings!$F$5:$F$20,Settings!$G$5:$G$20)) -> 0 | M32: =IF(J32=0,0,J32/LOOKUP(C32,Settings!$F$5:$F$20,Settings!$G$5:$G$20)) -> 359.7848 | N32: =L32-M32 -> -359.7848
A33: 31 | B33: MZ-0031 | C33: 44875 | E33: Ofis ijarasi | F33: Kamolov Rustam | G33: Kamolov Rustam | H33: MZ-0031 | J33: 15000000 | K33: =I33-J33 -> -15000000 | L33: =IF(I33=0,0,I33/LOOKUP(C33,Settings!$F$5:$F$20,Settings!$G$5:$G$20)) -> 0 | M33: =IF(J33=0,0,J33/LOOKUP(C33,Settings!$F$5:$F$20,Settings!$G$5:$G$20)) -> 1357.4661 | N33: =L33-M33 -> -1357.4661
A34: 32 | B34: MZ-0032 | C34: 44880 | E34: Ovqat xarajatlari | F34: Kamolov Rustam | G34: Kamolov Rustam | H34: MZ-0032 | J34: 9206522 | K34: =I34-J34 -> -9206522 | L34: =IF(I34=0,0,I34/LOOKUP(C34,Settings!$F$5:$F$20,Settings!$G$5:$G$20)) -> 0 | M34: =IF(J34=0,0,J34/LOOKUP(C34,Settings!$F$5:$F$20,Settings!$G$5:$G$20)) -> 833.16941 | N34: =L34-M34 -> -833.16941
A35: 33 | B35: MZ-0034 | C35: 44880 | E35: Kommunal to'lovlar | F35: Kamolov Rustam | G35: Kamolov Rustam | H35: MZ-0034 | J35: 5996621 | K35: =I35-J35 -> -5996621 | L35: =IF(I35=0,0,I35/LOOKUP(C35,Settings!$F$5:$F$20,Settings!$G$5:$G$20)) -> 0 | M35: =IF(J35=0,0,J35/LOOKUP(C35,Settings!$F$5:$F$20,Settings!$G$5:$G$20)) -> 542.68063 | N35: =L35-M35 -> -542.68063
A36: 34 | B36: MZ-0033 | C36: 44885 | E36: Soliqlar | F36: Sobirova Malika | G36: Sobirova Malika | H36: MZ-0033 | J36: 81588183 | K36: =I36-J36 -> -81588183 | L36: =IF(I36=0,0,I36/LOOKUP(C36,Settings!$F$5:$F$20,Settings!$G$5:$G$20)) -> 0 | M36: =IF(J36=0,0,J36/LOOKUP(C36,Settings!$F$5:$F$20,Settings!$G$5:$G$20)) -> 7383.546 | N36: =L36-M36 -> -7383.546
A37: 35 | B37: MZ-0030 | C37: 44893 | E37: Xodimlar ish haqi | F37: Sobirova Malika | G37: Sobirova Malika | H37: MZ-0030 | J37: 357000000 | K37: =I37-J37 -> -357000000 | L37: =IF(I37=0,0,I37/LOOKUP(C37,Settings!$F$5:$F$20,Settings!$G$5:$G$20)) -> 0 | M37: =IF(J37=0,0,J37/LOOKUP(C37,Settings!$F$5:$F$20,Settings!$G$5:$G$20)) -> 32307.692 | N37: =L37-M37 -> -32307.692 | O37: 22 xodim
A38: 36 | B38: MZ-0039 | C38: 44905 | E38: Ofis ijarasi | F38: Kamolov Rustam | G38: Kamolov Rustam | H38: MZ-0039 | J38: 15000000 | K38: =I38-J38 -> -15000000 | L38: =IF(I38=0,0,I38/LOOKUP(C38,Settings!$F$5:$F$20,Settings!$G$5:$G$20)) -> 0 | M38: =IF(J38=0,0,J38/LOOKUP(C38,Settings!$F$5:$F$20,Settings!$G$5:$G$20)) -> 1357.4661 | N38: =L38-M38 -> -1357.4661
A39: 37 | B39: MZ-0040 | C39: 44910 | E39: Ovqat xarajatlari | F39: Kamolov Rustam | G39: Kamolov Rustam | H39: MZ-0040 | J39: 8339868 | K39: =I39-J39 -> -8339868 | L39: =IF(I39=0,0,I39/LOOKUP(C39,Settings!$F$5:$F$20,Settings!$G$5:$G$20)) -> 0 | M39: =IF(J39=0,0,J39/LOOKUP(C39,Settings!$F$5:$F$20,Settings!$G$5:$G$20)) -> 754.73919 | N39: =L39-M39 -> -754.73919
A40: 38 | B40: MZ-0042 | C40: 44910 | E40: Kommunal to'lovlar | F40: Kamolov Rustam | G40: Kamolov Rustam | H40: MZ-0042 | J40: 5459287 | K40: =I40-J40 -> -5459287 | L40: =IF(I40=0,0,I40/LOOKUP(C40,Settings!$F$5:$F$20,Settings!$G$5:$G$20)) -> 0 | M40: =IF(J40=0,0,J40/LOOKUP(C40,Settings!$F$5:$F$20,Settings!$G$5:$G$20)) -> 494.05312 | N40: =L40-M40 -> -494.05312
A41: 39 | B41: MZ-0036 | C41: 44915 | D41: PRJ-004 MIZAN ulushi | F41: MIZAN | G41: Raximova Shaxlo | H41: SH-004 | J41: 81251677 | K41: =I41-J41 -> -81251677 | L41: =IF(I41=0,0,I41/LOOKUP(C41,Settings!$F$5:$F$20,Settings!$G$5:$G$20)) -> 0 | M41: =IF(J41=0,0,J41/LOOKUP(C41,Settings!$F$5:$F$20,Settings!$G$5:$G$20)) -> 7353.0929 | N41: =L41-M41 -> -7353.0929 | O41: Proekt ulushi
A42: 40 | B42: MZ-0041 | C42: 44915 | E42: Soliqlar | F42: Sobirova Malika | G42: Sobirova Malika | H42: MZ-0041 | J42: 85875745 | K42: =I42-J42 -> -85875745 | L42: =IF(I42=0,0,I42/LOOKUP(C42,Settings!$F$5:$F$20,Settings!$G$5:$G$20)) -> 0 | M42: =IF(J42=0,0,J42/LOOKUP(C42,Settings!$F$5:$F$20,Settings!$G$5:$G$20)) -> 7771.5606 | N42: =L42-M42 -> -7771.5606
A43: 41 | B43: MZ-0037 | C43: 44923 | E43: Xodimlar ish haqi | F43: Sobirova Malika | G43: Sobirova Malika | H43: MZ-0037 | J43: 357000000 | K43: =I43-J43 -> -357000000 | L43: =IF(I43=0,0,I43/LOOKUP(C43,Settings!$F$5:$F$20,Settings!$G$5:$G$20)) -> 0 | M43: =IF(J43=0,0,J43/LOOKUP(C43,Settings!$F$5:$F$20,Settings!$G$5:$G$20)) -> 32307.692 | N43: =L43-M43 -> -32307.692 | O43: 22 xodim
A44: 42 | B44: MZ-0038 | C44: 44923 | E44: Premiyalar | F44: Sobirova Malika | G44: Raximova Shaxlo | H44: MZ-0038 | J44: 43022932 | K44: =I44-J44 -> -43022932 | L44: =IF(I44=0,0,I44/LOOKUP(C44,Settings!$F$5:$F$20,Settings!$G$5:$G$20)) -> 0 | M44: =IF(J44=0,0,J44/LOOKUP(C44,Settings!$F$5:$F$20,Settings!$G$5:$G$20)) -> 3893.478 | N44: =L44-M44 -> -3893.478
A45: 43 | B45: MZ-0046 | C45: 44931 | E45: Dasturlar litsenziya | F45: Xolmatov Ulugbek | G45: Kamolov Rustam | H45: MZ-0046 | J45: 32000000 | K45: =I45-J45 -> -32000000 | L45: =IF(I45=0,0,I45/LOOKUP(C45,Settings!$F$5:$F$20,Settings!$G$5:$G$20)) -> 0 | M45: =IF(J45=0,0,J45/LOOKUP(C45,Settings!$F$5:$F$20,Settings!$G$5:$G$20)) -> 2857.1429 | N45: =L45-M45 -> -2857.1429 | O45: Yillik
A46: 44 | B46: MZ-0044 | C46: 44936 | E46: Ofis ijarasi | F46: Kamolov Rustam | G46: Kamolov Rustam | H46: MZ-0044 | J46: 15000000 | K46: =I46-J46 -> -15000000 | L46: =IF(I46=0,0,I46/LOOKUP(C46,Settings!$F$5:$F$20,Settings!$G$5:$G$20)) -> 0 | M46: =IF(J46=0,0,J46/LOOKUP(C46,Settings!$F$5:$F$20,Settings!$G$5:$G$20)) -> 1339.2857 | N46: =L46-M46 -> -1339.2857
A47: 45 | B47: MZ-0045 | C47: 44941 | E47: Ovqat xarajatlari | F47: Kamolov Rustam | G47: Kamolov Rustam | H47: MZ-0045 | J47: 8668112 | K47: =I47-J47 -> -8668112 | L47: =IF(I47=0,0,I47/LOOKUP(C47,Settings!$F$5:$F$20,Settings!$G$5:$G$20)) -> 0 | M47: =IF(J47=0,0,J47/LOOKUP(C47,Settings!$F$5:$F$20,Settings!$G$5:$G$20)) -> 773.93857 | N47: =L47-M47 -> -773.93857
A48: 46 | B48: MZ-0048 | C48: 44941 | E48: Kommunal to'lovlar | F48: Kamolov Rustam | G48: Kamolov Rustam | H48: MZ-0048 | J48: 6945331 | K48: =I48-J48 -> -6945331 | L48: =IF(I48=0,0,I48/LOOKUP(C48,Settings!$F$5:$F$20,Settings!$G$5:$G$20)) -> 0 | M48: =IF(J48=0,0,J48/LOOKUP(C48,Settings!$F$5:$F$20,Settings!$G$5:$G$20)) -> 620.11884 | N48: =L48-M48 -> -620.11884
A49: 47 | B49: MZ-0047 | C49: 44946 | E49: Soliqlar | F49: Sobirova Malika | G49: Sobirova Malika | H49: MZ-0047 | J49: 77140981 | K49: =I49-J49 -> -77140981 | L49: =IF(I49=0,0,I49/LOOKUP(C49,Settings!$F$5:$F$20,Settings!$G$5:$G$20)) -> 0 | M49: =IF(J49=0,0,J49/LOOKUP(C49,Settings!$F$5:$F$20,Settings!$G$5:$G$20)) -> 6887.5876 | N49: =L49-M49 -> -6887.5876
A50: 48 | B50: MZ-0043 | C50: 44954 | E50: Xodimlar ish haqi | F50: Sobirova Malika | G50: Sobirova Malika | H50: MZ-0043 | J50: 357000000 | K50: =I50-J50 -> -357000000 | L50: =IF(I50=0,0,I50/LOOKUP(C50,Settings!$F$5:$F$20,Settings!$G$5:$G$20)) -> 0 | M50: =IF(J50=0,0,J50/LOOKUP(C50,Settings!$F$5:$F$20,Settings!$G$5:$G$20)) -> 31875 | N50: =L50-M50 -> -31875 | O50: 22 xodim
A51: 49 | B51: MZ-0052 | C51: 44967 | E51: Ofis ijarasi | F51: Kamolov Rustam | G51: Kamolov Rustam | H51: MZ-0052 | J51: 15000000 | K51: =I51-J51 -> -15000000 | L51: =IF(I51=0,0,I51/LOOKUP(C51,Settings!$F$5:$F$20,Settings!$G$5:$G$20)) -> 0 | M51: =IF(J51=0,0,J51/LOOKUP(C51,Settings!$F$5:$F$20,Settings!$G$5:$G$20)) -> 1339.2857 | N51: =L51-M51 -> -1339.2857
A52: 50 | B52: MZ-0053 | C52: 44972 | E52: Ovqat xarajatlari | F52: Kamolov Rustam | G52: Kamolov Rustam | H52: MZ-0053 | J52: 7565508 | K52: =I52-J52 -> -7565508 | L52: =IF(I52=0,0,I52/LOOKUP(C52,Settings!$F$5:$F$20,Settings!$G$5:$G$20)) -> 0 | M52: =IF(J52=0,0,J52/LOOKUP(C52,Settings!$F$5:$F$20,Settings!$G$5:$G$20)) -> 675.49179 | N52: =L52-M52 -> -675.49179
A53: 51 | B53: MZ-0055 | C53: 44972 | E53: Kommunal to'lovlar | F53: Kamolov Rustam | G53: Kamolov Rustam | H53: MZ-0055 | J53: 6226653 | K53: =I53-J53 -> -6226653 | L53: =IF(I53=0,0,I53/LOOKUP(C53,Settings!$F$5:$F$20,Settings!$G$5:$G$20)) -> 0 | M53: =IF(J53=0,0,J53/LOOKUP(C53,Settings!$F$5:$F$20,Settings!$G$5:$G$20)) -> 555.95116 | N53: =L53-M53 -> -555.95116
A54: 52 | B54: MZ-0049 | C54: 44977 | D54: PRJ-005 MIZAN ulushi | F54: MIZAN | G54: Raximova Shaxlo | H54: SH-005 | J54: 84338339 | K54: =I54-J54 -> -84338339 | L54: =IF(I54=0,0,I54/LOOKUP(C54,Settings!$F$5:$F$20,Settings!$G$5:$G$20)) -> 0 | M54: =IF(J54=0,0,J54/LOOKUP(C54,Settings!$F$5:$F$20,Settings!$G$5:$G$20)) -> 7530.2088 | N54: =L54-M54 -> -7530.2088 | O54: Proekt ulushi
A55: 53 | B55: MZ-0054 | C55: 44977 | E55: Soliqlar | F55: Sobirova Malika | G55: Sobirova Malika | H55: MZ-0054 | J55: 78311071 | K55: =I55-J55 -> -78311071 | L55: =IF(I55=0,0,I55/LOOKUP(C55,Settings!$F$5:$F$20,Settings!$G$5:$G$20)) -> 0 | M55: =IF(J55=0,0,J55/LOOKUP(C55,Settings!$F$5:$F$20,Settings!$G$5:$G$20)) -> 6992.0599 | N55: =L55-M55 -> -6992.0599
A56: 54 | B56: MZ-0050 | C56: 44983 | E56: Xodimlar ish haqi | F56: Sobirova Malika | G56: Sobirova Malika | H56: MZ-0050 | J56: 357000000 | K56: =I56-J56 -> -357000000 | L56: =IF(I56=0,0,I56/LOOKUP(C56,Settings!$F$5:$F$20,Settings!$G$5:$G$20)) -> 0 | M56: =IF(J56=0,0,J56/LOOKUP(C56,Settings!$F$5:$F$20,Settings!$G$5:$G$20)) -> 31875 | N56: =L56-M56 -> -31875 | O56: 22 xodim
A57: 55 | B57: MZ-0051 | C57: 44983 | E57: Premiyalar | F57: Sobirova Malika | G57: Raximova Shaxlo | H57: MZ-0051 | J57: 54713083 | K57: =I57-J57 -> -54713083 | L57: =IF(I57=0,0,I57/LOOKUP(C57,Settings!$F$5:$F$20,Settings!$G$5:$G$20)) -> 0 | M57: =IF(J57=0,0,J57/LOOKUP(C57,Settings!$F$5:$F$20,Settings!$G$5:$G$20)) -> 4885.0967 | N57: =L57-M57 -> -4885.0967
A58: 56 | B58: MZ-0058 | C58: 44995 | E58: Ofis ijarasi | F58: Kamolov Rustam | G58: Kamolov Rustam | H58: MZ-0058 | J58: 15000000 | K58: =I58-J58 -> -15000000 | L58: =IF(I58=0,0,I58/LOOKUP(C58,Settings!$F$5:$F$20,Settings!$G$5:$G$20)) -> 0 | M58: =IF(J58=0,0,J58/LOOKUP(C58,Settings!$F$5:$F$20,Settings!$G$5:$G$20)) -> 1339.2857 | N58: =L58-M58 -> -1339.2857
A59: 57 | B59: MZ-0059 | C59: 45000 | E59: Ovqat xarajatlari | F59: Kamolov Rustam | G59: Kamolov Rustam | H59: MZ-0059 | J59: 8703213 | K59: =I59-J59 -> -8703213 | L59: =IF(I59=0,0,I59/LOOKUP(C59,Settings!$F$5:$F$20,Settings!$G$5:$G$20)) -> 0 | M59: =IF(J59=0,0,J59/LOOKUP(C59,Settings!$F$5:$F$20,Settings!$G$5:$G$20)) -> 777.07259 | N59: =L59-M59 -> -777.07259
A60: 58 | B60: MZ-0061 | C60: 45000 | E60: Kommunal to'lovlar | F60: Kamolov Rustam | G60: Kamolov Rustam | H60: MZ-0061 | J60: 5250532 | K60: =I60-J60 -> -5250532 | L60: =IF(I60=0,0,I60/LOOKUP(C60,Settings!$F$5:$F$20,Settings!$G$5:$G$20)) -> 0 | M60: =IF(J60=0,0,J60/LOOKUP(C60,Settings!$F$5:$F$20,Settings!$G$5:$G$20)) -> 468.7975 | N60: =L60-M60 -> -468.7975
A61: 59 | B61: MZ-0060 | C61: 45005 | E61: Soliqlar | F61: Sobirova Malika | G61: Sobirova Malika | H61: MZ-0060 | J61: 82258322 | K61: =I61-J61 -> -82258322 | L61: =IF(I61=0,0,I61/LOOKUP(C61,Settings!$F$5:$F$20,Settings!$G$5:$G$20)) -> 0 | M61: =IF(J61=0,0,J61/LOOKUP(C61,Settings!$F$5:$F$20,Settings!$G$5:$G$20)) -> 7344.493 | N61: =L61-M61 -> -7344.493
A62: 60 | B62: MZ-0056 | C62: 45013 | E62: Xodimlar ish haqi | F62: Sobirova Malika | G62: Sobirova Malika | H62: MZ-0056 | J62: 357000000 | K62: =I62-J62 -> -357000000 | L62: =IF(I62=0,0,I62/LOOKUP(C62,Settings!$F$5:$F$20,Settings!$G$5:$G$20)) -> 0 | M62: =IF(J62=0,0,J62/LOOKUP(C62,Settings!$F$5:$F$20,Settings!$G$5:$G$20)) -> 31875 | N62: =L62-M62 -> -31875 | O62: 22 xodim
A63: 61 | B63: MZ-0057 | C63: 45013 | E63: Premiyalar | F63: Sobirova Malika | G63: Raximova Shaxlo | H63: MZ-0057 | J63: 60522500 | K63: =I63-J63 -> -60522500 | L63: =IF(I63=0,0,I63/LOOKUP(C63,Settings!$F$5:$F$20,Settings!$G$5:$G$20)) -> 0 | M63: =IF(J63=0,0,J63/LOOKUP(C63,Settings!$F$5:$F$20,Settings!$G$5:$G$20)) -> 5403.7946 | N63: =L63-M63 -> -5403.7946
A64: 62 | B64: MZ-0068 | C64: 45022 | E64: Malaka oshirish | F64: Azimov Bobur | G64: Xasanova Dilfuza | H64: MZ-0068 | J64: 8539634 | K64: =I64-J64 -> -8539634 | L64: =IF(I64=0,0,I64/LOOKUP(C64,Settings!$F$5:$F$20,Settings!$G$5:$G$20)) -> 0 | M64: =IF(J64=0,0,J64/LOOKUP(C64,Settings!$F$5:$F$20,Settings!$G$5:$G$20)) -> 752.39066 | N64: =L64-M64 -> -752.39066
A65: 63 | B65: MZ-0064 | C65: 45026 | E65: Ofis ijarasi | F65: Kamolov Rustam | G65: Kamolov Rustam | H65: MZ-0064 | J65: 15000000 | K65: =I65-J65 -> -15000000 | L65: =IF(I65=0,0,I65/LOOKUP(C65,Settings!$F$5:$F$20,Settings!$G$5:$G$20)) -> 0 | M65: =IF(J65=0,0,J65/LOOKUP(C65,Settings!$F$5:$F$20,Settings!$G$5:$G$20)) -> 1321.5859 | N65: =L65-M65 -> -1321.5859
A66: 64 | B66: MZ-0065 | C66: 45031 | E66: Ovqat xarajatlari | F66: Kamolov Rustam | G66: Kamolov Rustam | H66: MZ-0065 | J66: 6807320 | K66: =I66-J66 -> -6807320 | L66: =IF(I66=0,0,I66/LOOKUP(C66,Settings!$F$5:$F$20,Settings!$G$5:$G$20)) -> 0 | M66: =IF(J66=0,0,J66/LOOKUP(C66,Settings!$F$5:$F$20,Settings!$G$5:$G$20)) -> 599.76388 | N66: =L66-M66 -> -599.76388
A67: 65 | B67: MZ-0067 | C67: 45031 | E67: Kommunal to'lovlar | F67: Kamolov Rustam | G67: Kamolov Rustam | H67: MZ-0067 | J67: 6986000 | K67: =I67-J67 -> -6986000 | L67: =IF(I67=0,0,I67/LOOKUP(C67,Settings!$F$5:$F$20,Settings!$G$5:$G$20)) -> 0 | M67: =IF(J67=0,0,J67/LOOKUP(C67,Settings!$F$5:$F$20,Settings!$G$5:$G$20)) -> 615.50661 | N67: =L67-M67 -> -615.50661
A68: 66 | B68: MZ-0062 | C68: 45036 | D68: PRJ-006 MIZAN ulushi | F68: MIZAN | G68: Raximova Shaxlo | H68: SH-006 | J68: 180728036 | K68: =I68-J68 -> -180728036 | L68: =IF(I68=0,0,I68/LOOKUP(C68,Settings!$F$5:$F$20,Settings!$G$5:$G$20)) -> 0 | M68: =IF(J68=0,0,J68/LOOKUP(C68,Settings!$F$5:$F$20,Settings!$G$5:$G$20)) -> 15923.175 | N68: =L68-M68 -> -15923.175 | O68: Proekt ulushi
A69: 67 | B69: MZ-0066 | C69: 45036 | E69: Soliqlar | F69: Sobirova Malika | G69: Sobirova Malika | H69: MZ-0066 | J69: 84316768 | K69: =I69-J69 -> -84316768 | L69: =IF(I69=0,0,I69/LOOKUP(C69,Settings!$F$5:$F$20,Settings!$G$5:$G$20)) -> 0 | M69: =IF(J69=0,0,J69/LOOKUP(C69,Settings!$F$5:$F$20,Settings!$G$5:$G$20)) -> 7428.7901 | N69: =L69-M69 -> -7428.7901
A70: 68 | B70: MZ-0063 | C70: 45044 | E70: Xodimlar ish haqi | F70: Sobirova Malika | G70: Sobirova Malika | H70: MZ-0063 | J70: 357000000 | K70: =I70-J70 -> -357000000 | L70: =IF(I70=0,0,I70/LOOKUP(C70,Settings!$F$5:$F$20,Settings!$G$5:$G$20)) -> 0 | M70: =IF(J70=0,0,J70/LOOKUP(C70,Settings!$F$5:$F$20,Settings!$G$5:$G$20)) -> 31453.744 | N70: =L70-M70 -> -31453.744 | O70: 22 xodim
A71: 69 | B71: MZ-0071 | C71: 45056 | E71: Ofis ijarasi | F71: Kamolov Rustam | G71: Kamolov Rustam | H71: MZ-0071 | J71: 15000000 | K71: =I71-J71 -> -15000000 | L71: =IF(I71=0,0,I71/LOOKUP(C71,Settings!$F$5:$F$20,Settings!$G$5:$G$20)) -> 0 | M71: =IF(J71=0,0,J71/LOOKUP(C71,Settings!$F$5:$F$20,Settings!$G$5:$G$20)) -> 1321.5859 | N71: =L71-M71 -> -1321.5859
A72: 70 | B72: MZ-0072 | C72: 45061 | E72: Ovqat xarajatlari | F72: Kamolov Rustam | G72: Kamolov Rustam | H72: MZ-0072 | J72: 6401299 | K72: =I72-J72 -> -6401299 | L72: =IF(I72=0,0,I72/LOOKUP(C72,Settings!$F$5:$F$20,Settings!$G$5:$G$20)) -> 0 | M72: =IF(J72=0,0,J72/LOOKUP(C72,Settings!$F$5:$F$20,Settings!$G$5:$G$20)) -> 563.9911 | N72: =L72-M72 -> -563.9911
A73: 71 | B73: MZ-0074 | C73: 45061 | E73: Kommunal to'lovlar | F73: Kamolov Rustam | G73: Kamolov Rustam | H73: MZ-0074 | J73: 5582192 | K73: =I73-J73 -> -5582192 | L73: =IF(I73=0,0,I73/LOOKUP(C73,Settings!$F$5:$F$20,Settings!$G$5:$G$20)) -> 0 | M73: =IF(J73=0,0,J73/LOOKUP(C73,Settings!$F$5:$F$20,Settings!$G$5:$G$20)) -> 491.82308 | N73: =L73-M73 -> -491.82308
A74: 72 | B74: MZ-0073 | C74: 45066 | E74: Soliqlar | F74: Sobirova Malika | G74: Sobirova Malika | H74: MZ-0073 | J74: 82028553 | K74: =I74-J74 -> -82028553 | L74: =IF(I74=0,0,I74/LOOKUP(C74,Settings!$F$5:$F$20,Settings!$G$5:$G$20)) -> 0 | M74: =IF(J74=0,0,J74/LOOKUP(C74,Settings!$F$5:$F$20,Settings!$G$5:$G$20)) -> 7227.1853 | N74: =L74-M74 -> -7227.1853
A75: 73 | B75: MZ-0069 | C75: 45074 | E75: Xodimlar ish haqi | F75: Sobirova Malika | G75: Sobirova Malika | H75: MZ-0069 | J75: 357000000 | K75: =I75-J75 -> -357000000 | L75: =IF(I75=0,0,I75/LOOKUP(C75,Settings!$F$5:$F$20,Settings!$G$5:$G$20)) -> 0 | M75: =IF(J75=0,0,J75/LOOKUP(C75,Settings!$F$5:$F$20,Settings!$G$5:$G$20)) -> 31453.744 | N75: =L75-M75 -> -31453.744 | O75: 22 xodim
A76: 74 | B76: MZ-0070 | C76: 45074 | E76: Premiyalar | F76: Sobirova Malika | G76: Raximova Shaxlo | H76: MZ-0070 | J76: 50694943 | K76: =I76-J76 -> -50694943 | L76: =IF(I76=0,0,I76/LOOKUP(C76,Settings!$F$5:$F$20,Settings!$G$5:$G$20)) -> 0 | M76: =IF(J76=0,0,J76/LOOKUP(C76,Settings!$F$5:$F$20,Settings!$G$5:$G$20)) -> 4466.5148 | N76: =L76-M76 -> -4466.5148
A77: 75 | B77: MZ-0082 | C77: 45083 | E77: Malaka oshirish | F77: Azimov Bobur | G77: Xasanova Dilfuza | H77: MZ-0082 | J77: 8929656 | K77: =I77-J77 -> -8929656 | L77: =IF(I77=0,0,I77/LOOKUP(C77,Settings!$F$5:$F$20,Settings!$G$5:$G$20)) -> 0 | M77: =IF(J77=0,0,J77/LOOKUP(C77,Settings!$F$5:$F$20,Settings!$G$5:$G$20)) -> 786.75383 | N77: =L77-M77 -> -786.75383
A78: 76 | B78: MZ-0078 | C78: 45087 | E78: Ofis ijarasi | F78: Kamolov Rustam | G78: Kamolov Rustam | H78: MZ-0078 | J78: 15000000 | K78: =I78-J78 -> -15000000 | L78: =IF(I78=0,0,I78/LOOKUP(C78,Settings!$F$5:$F$20,Settings!$G$5:$G$20)) -> 0 | M78: =IF(J78=0,0,J78/LOOKUP(C78,Settings!$F$5:$F$20,Settings!$G$5:$G$20)) -> 1321.5859 | N78: =L78-M78 -> -1321.5859
A79: 77 | B79: MZ-0079 | C79: 45092 | E79: Ovqat xarajatlari | F79: Kamolov Rustam | G79: Kamolov Rustam | H79: MZ-0079 | J79: 7083844 | K79: =I79-J79 -> -7083844 | L79: =IF(I79=0,0,I79/LOOKUP(C79,Settings!$F$5:$F$20,Settings!$G$5:$G$20)) -> 0 | M79: =IF(J79=0,0,J79/LOOKUP(C79,Settings!$F$5:$F$20,Settings!$G$5:$G$20)) -> 624.12722 | N79: =L79-M79 -> -624.12722
A80: 78 | B80: MZ-0081 | C80: 45092 | E80: Kommunal to'lovlar | F80: Kamolov Rustam | G80: Kamolov Rustam | H80: MZ-0081 | J80: 6878247 | K80: =I80-J80 -> -6878247 | L80: =IF(I80=0,0,I80/LOOKUP(C80,Settings!$F$5:$F$20,Settings!$G$5:$G$20)) -> 0 | M80: =IF(J80=0,0,J80/LOOKUP(C80,Settings!$F$5:$F$20,Settings!$G$5:$G$20)) -> 606.01295 | N80: =L80-M80 -> -606.01295
A81: 79 | B81: MZ-0075 | C81: 45097 | D81: PRJ-007 MIZAN ulushi | F81: MIZAN | G81: Raximova Shaxlo | H81: SH-007 | J81: 323205843 | K81: =I81-J81 -> -323205843 | L81: =IF(I81=0,0,I81/LOOKUP(C81,Settings!$F$5:$F$20,Settings!$G$5:$G$20)) -> 0 | M81: =IF(J81=0,0,J81/LOOKUP(C81,Settings!$F$5:$F$20,Settings!$G$5:$G$20)) -> 28476.286 | N81: =L81-M81 -> -28476.286 | O81: Proekt ulushi
A82: 80 | B82: MZ-0080 | C82: 45097 | E82: Soliqlar | F82: Sobirova Malika | G82: Sobirova Malika | H82: MZ-0080 | J82: 85220518 | K82: =I82-J82 -> -85220518 | L82: =IF(I82=0,0,I82/LOOKUP(C82,Settings!$F$5:$F$20,Settings!$G$5:$G$20)) -> 0 | M82: =IF(J82=0,0,J82/LOOKUP(C82,Settings!$F$5:$F$20,Settings!$G$5:$G$20)) -> 7508.4157 | N82: =L82-M82 -> -7508.4157
A83: 81 | B83: MZ-0076 | C83: 45105 | E83: Xodimlar ish haqi | F83: Sobirova Malika | G83: Sobirova Malika | H83: MZ-0076 | J83: 357000000 | K83: =I83-J83 -> -357000000 | L83: =IF(I83=0,0,I83/LOOKUP(C83,Settings!$F$5:$F$20,Settings!$G$5:$G$20)) -> 0 | M83: =IF(J83=0,0,J83/LOOKUP(C83,Settings!$F$5:$F$20,Settings!$G$5:$G$20)) -> 31453.744 | N83: =L83-M83 -> -31453.744 | O83: 22 xodim
A84: 82 | B84: MZ-0077 | C84: 45105 | E84: Premiyalar | F84: Sobirova Malika | G84: Raximova Shaxlo | H84: MZ-0077 | J84: 47230733 | K84: =I84-J84 -> -47230733 | L84: =IF(I84=0,0,I84/LOOKUP(C84,Settings!$F$5:$F$20,Settings!$G$5:$G$20)) -> 0 | M84: =IF(J84=0,0,J84/LOOKUP(C84,Settings!$F$5:$F$20,Settings!$G$5:$G$20)) -> 4161.2981 | N84: =L84-M84 -> -4161.2981
A85: 83 | B85: MZ-0086 | C85: 45112 | E85: Dasturlar litsenziya | F85: Xolmatov Ulugbek | G85: Kamolov Rustam | H85: MZ-0086 | J85: 32000000 | K85: =I85-J85 -> -32000000 | L85: =IF(I85=0,0,I85/LOOKUP(C85,Settings!$F$5:$F$20,Settings!$G$5:$G$20)) -> 0 | M85: =IF(J85=0,0,J85/LOOKUP(C85,Settings!$F$5:$F$20,Settings!$G$5:$G$20)) -> 2782.6087 | N85: =L85-M85 -> -2782.6087 | O85: Yillik
A86: 84 | B86: MZ-0089 | C86: 45115 | E86: Malaka oshirish | F86: Azimov Bobur | G86: Xasanova Dilfuza | H86: MZ-0089 | J86: 9055161 | K86: =I86-J86 -> -9055161 | L86: =IF(I86=0,0,I86/LOOKUP(C86,Settings!$F$5:$F$20,Settings!$G$5:$G$20)) -> 0 | M86: =IF(J86=0,0,J86/LOOKUP(C86,Settings!$F$5:$F$20,Settings!$G$5:$G$20)) -> 787.4053 | N86: =L86-M86 -> -787.4053
A87: 85 | B87: MZ-0084 | C87: 45117 | E87: Ofis ijarasi | F87: Kamolov Rustam | G87: Kamolov Rustam | H87: MZ-0084 | J87: 15000000 | K87: =I87-J87 -> -15000000 | L87: =IF(I87=0,0,I87/LOOKUP(C87,Settings!$F$5:$F$20,Settings!$G$5:$G$20)) -> 0 | M87: =IF(J87=0,0,J87/LOOKUP(C87,Settings!$F$5:$F$20,Settings!$G$5:$G$20)) -> 1304.3478 | N87: =L87-M87 -> -1304.3478
A88: 86 | B88: MZ-0085 | C88: 45122 | E88: Ovqat xarajatlari | F88: Kamolov Rustam | G88: Kamolov Rustam | H88: MZ-0085 | J88: 8524332 | K88: =I88-J88 -> -8524332 | L88: =IF(I88=0,0,I88/LOOKUP(C88,Settings!$F$5:$F$20,Settings!$G$5:$G$20)) -> 0 | M88: =IF(J88=0,0,J88/LOOKUP(C88,Settings!$F$5:$F$20,Settings!$G$5:$G$20)) -> 741.24626 | N88: =L88-M88 -> -741.24626
A89: 87 | B89: MZ-0088 | C89: 45122 | E89: Kommunal to'lovlar | F89: Kamolov Rustam | G89: Kamolov Rustam | H89: MZ-0088 | J89: 4656814 | K89: =I89-J89 -> -4656814 | L89: =IF(I89=0,0,I89/LOOKUP(C89,Settings!$F$5:$F$20,Settings!$G$5:$G$20)) -> 0 | M89: =IF(J89=0,0,J89/LOOKUP(C89,Settings!$F$5:$F$20,Settings!$G$5:$G$20)) -> 404.94035 | N89: =L89-M89 -> -404.94035
A90: 88 | B90: MZ-0087 | C90: 45127 | E90: Soliqlar | F90: Sobirova Malika | G90: Sobirova Malika | H90: MZ-0087 | J90: 87723653 | K90: =I90-J90 -> -87723653 | L90: =IF(I90=0,0,I90/LOOKUP(C90,Settings!$F$5:$F$20,Settings!$G$5:$G$20)) -> 0 | M90: =IF(J90=0,0,J90/LOOKUP(C90,Settings!$F$5:$F$20,Settings!$G$5:$G$20)) -> 7628.1437 | N90: =L90-M90 -> -7628.1437
A91: 89 | B91: MZ-0083 | C91: 45135 | E91: Xodimlar ish haqi | F91: Sobirova Malika | G91: Sobirova Malika | H91: MZ-0083 | J91: 357000000 | K91: =I91-J91 -> -357000000 | L91: =IF(I91=0,0,I91/LOOKUP(C91,Settings!$F$5:$F$20,Settings!$G$5:$G$20)) -> 0 | M91: =IF(J91=0,0,J91/LOOKUP(C91,Settings!$F$5:$F$20,Settings!$G$5:$G$20)) -> 31043.478 | N91: =L91-M91 -> -31043.478 | O91: 22 xodim
A92: 90 | B92: MZ-0096 | C92: 45141 | E92: Malaka oshirish | F92: Azimov Bobur | G92: Xasanova Dilfuza | H92: MZ-0096 | J92: 7098745 | K92: =I92-J92 -> -7098745 | L92: =IF(I92=0,0,I92/LOOKUP(C92,Settings!$F$5:$F$20,Settings!$G$5:$G$20)) -> 0 | M92: =IF(J92=0,0,J92/LOOKUP(C92,Settings!$F$5:$F$20,Settings!$G$5:$G$20)) -> 617.28217 | N92: =L92-M92 -> -617.28217
A93: 91 | B93: MZ-0092 | C93: 45148 | E93: Ofis ijarasi | F93: Kamolov Rustam | G93: Kamolov Rustam | H93: MZ-0092 | J93: 15000000 | K93: =I93-J93 -> -15000000 | L93: =IF(I93=0,0,I93/LOOKUP(C93,Settings!$F$5:$F$20,Settings!$G$5:$G$20)) -> 0 | M93: =IF(J93=0,0,J93/LOOKUP(C93,Settings!$F$5:$F$20,Settings!$G$5:$G$20)) -> 1304.3478 | N93: =L93-M93 -> -1304.3478
A94: 92 | B94: MZ-0093 | C94: 45153 | E94: Ovqat xarajatlari | F94: Kamolov Rustam | G94: Kamolov Rustam | H94: MZ-0093 | J94: 6478161 | K94: =I94-J94 -> -6478161 | L94: =IF(I94=0,0,I94/LOOKUP(C94,Settings!$F$5:$F$20,Settings!$G$5:$G$20)) -> 0 | M94: =IF(J94=0,0,J94/LOOKUP(C94,Settings!$F$5:$F$20,Settings!$G$5:$G$20)) -> 563.31835 | N94: =L94-M94 -> -563.31835
A95: 93 | B95: MZ-0095 | C95: 45153 | E95: Kommunal to'lovlar | F95: Kamolov Rustam | G95: Kamolov Rustam | H95: MZ-0095 | J95: 5706624 | K95: =I95-J95 -> -5706624 | L95: =IF(I95=0,0,I95/LOOKUP(C95,Settings!$F$5:$F$20,Settings!$G$5:$G$20)) -> 0 | M95: =IF(J95=0,0,J95/LOOKUP(C95,Settings!$F$5:$F$20,Settings!$G$5:$G$20)) -> 496.22817 | N95: =L95-M95 -> -496.22817
A96: 94 | B96: MZ-0090 | C96: 45158 | D96: PRJ-008 MIZAN ulushi | F96: MIZAN | G96: Raximova Shaxlo | H96: SH-008 | J96: 94855236 | K96: =I96-J96 -> -94855236 | L96: =IF(I96=0,0,I96/LOOKUP(C96,Settings!$F$5:$F$20,Settings!$G$5:$G$20)) -> 0 | M96: =IF(J96=0,0,J96/LOOKUP(C96,Settings!$F$5:$F$20,Settings!$G$5:$G$20)) -> 8248.2814 | N96: =L96-M96 -> -8248.2814 | O96: Proekt ulushi
A97: 95 | B97: MZ-0094 | C97: 45158 | E97: Soliqlar | F97: Sobirova Malika | G97: Sobirova Malika | H97: MZ-0094 | J97: 81307621 | K97: =I97-J97 -> -81307621 | L97: =IF(I97=0,0,I97/LOOKUP(C97,Settings!$F$5:$F$20,Settings!$G$5:$G$20)) -> 0 | M97: =IF(J97=0,0,J97/LOOKUP(C97,Settings!$F$5:$F$20,Settings!$G$5:$G$20)) -> 7070.2279 | N97: =L97-M97 -> -7070.2279
A98: 96 | B98: MZ-0091 | C98: 45166 | E98: Xodimlar ish haqi | F98: Sobirova Malika | G98: Sobirova Malika | H98: MZ-0091 | J98: 357000000 | K98: =I98-J98 -> -357000000 | L98: =IF(I98=0,0,I98/LOOKUP(C98,Settings!$F$5:$F$20,Settings!$G$5:$G$20)) -> 0 | M98: =IF(J98=0,0,J98/LOOKUP(C98,Settings!$F$5:$F$20,Settings!$G$5:$G$20)) -> 31043.478 | N98: =L98-M98 -> -31043.478 | O98: 22 xodim
A99: 97 | B99: MZ-0099 | C99: 45179 | E99: Ofis ijarasi | F99: Kamolov Rustam | G99: Kamolov Rustam | H99: MZ-0099 | J99: 15000000 | K99: =I99-J99 -> -15000000 | L99: =IF(I99=0,0,I99/LOOKUP(C99,Settings!$F$5:$F$20,Settings!$G$5:$G$20)) -> 0 | M99: =IF(J99=0,0,J99/LOOKUP(C99,Settings!$F$5:$F$20,Settings!$G$5:$G$20)) -> 1304.3478 | N99: =L99-M99 -> -1304.3478
A100: 98 | B100: MZ-0100 | C100: 45184 | E100: Ovqat xarajatlari | F100: Kamolov Rustam | G100: Kamolov Rustam | H100: MZ-0100 | J100: 8698706 | K100: =I100-J100 -> -8698706 | L100: =IF(I100=0,0,I100/LOOKUP(C100,Settings!$F$5:$F$20,Settings!$G$5:$G$20)) -> 0 | M100: =IF(J100=0,0,J100/LOOKUP(C100,Settings!$F$5:$F$20,Settings!$G$5:$G$20)) -> 756.40922 | N100: =L100-M100 -> -756.40922
A101: 99 | B101: MZ-0102 | C101: 45184 | E101: Kommunal to'lovlar | F101: Kamolov Rustam | G101: Kamolov Rustam | H101: MZ-0102 | J101: 5499045 | K101: =I101-J101 -> -5499045 | L101: =IF(I101=0,0,I101/LOOKUP(C101,Settings!$F$5:$F$20,Settings!$G$5:$G$20)) -> 0 | M101: =IF(J101=0,0,J101/LOOKUP(C101,Settings!$F$5:$F$20,Settings!$G$5:$G$20)) -> 478.17783 | N101: =L101-M101 -> -478.17783
...

Sheet Settings
A1: SOZLAMALAR / SETTINGS
F2: KURS TARIXI
A3: ASOSIY SOZLAMALAR | F3: Kursni qo'shib boring!
A4: Dollar kursi (1 USD) | B4: 12850 | C4: UZS | D4: ⚠️ Kursni o'zgartiring — barcha listlar avtomatik yangilanadi! | F4: Sana | G4: Kurs (UZS/USD)
A5: Toshkent vaqti | B5: =NOW() -> 46081.494 | F5: 44743 | G5: 10850
A6: Oylik ish kunlari | B6: 22 | C6: kun | F6: 44835 | G6: 11050
A7: Kunlik ish soatlari | B7: 8 | C7: soat | F7: 44927 | G7: 11200
A8: Oylik ish soatlari | B8: =B6*B7 -> 176 | C8: soat | F8: 45017 | G8: 11350
A9: Risk koeffitsiyenti (default) | B9: 1.15 | F9: 45108 | G9: 11500
A10: Ishlab chiqarish xodimlari soni | B10: 15 | C10: kishi | F10: 45200 | G10: 11700
A11: Jami xodimlar soni | B11: 22 | C11: kishi | F11: 45292 | G11: 11900
F12: 45383 | G12: 12050
F13: 45474 | G13: 12200
A14: BO'LIMLAR | B14: Kod | C14: Turi | F14: 45566 | G14: 12350
A15: 🏗️ Master Planning | B15: MP | C15: Ishlab chiqarish | F15: 45658 | G15: 12500
A16: 📐 Arxitektura | B16: ARX | C16: Ishlab chiqarish | F16: 45748 | G16: 12600
A17: 🎨 3D Vizualizatsiya | B17: 3D | C17: Ishlab chiqarish | F17: 45839 | G17: 12700
A18: 🛋️ Interior Design | B18: INT | C18: Ishlab chiqarish | F18: 45931 | G18: 12800
A19: 🖼️ Graphic Design | B19: GD | C19: Ishlab chiqarish | F19: 46023 | G19: 12850
A20: 💰 Smeta | B20: SM | C20: Ishlab chiqarish | F20: 46082 | G20: 12850
A21: 🔧 Konstruktor | B21: KON | C21: Ishlab chiqarish
A22: 🏢 Ma'muriyat | B22: ADM | C22: Ma'muriyat (overhead)
A25: KATEGORIYALAR | B25: Kod | D25: TO'LOV TURLARI
A26: Outsourcing | B26: OUT | D26: Naqd
A27: Material | B27: MAT | D27: Bank o'tkazmasi
A28: Transport | B28: TRN | D28: Karta
A29: Ish haqi | B29: ISH | D29: Valyuta hisobi
A30: Ijara | B30: IJA | D30: Ichki hisob
A31: Kommunal | B31: KOM
A32: Ovqat | B32: OVQ | D32: STATUSLAR
A33: Dasturlar/Software | B33: DST | D33: To'langan
A34: Texnika/Jihozlar | B34: TEX | D34: Kutilmoqda
A35: Soliqlar | B35: SOL | D35: Kechikkan
A36: Malaka oshirish | B36: MAL | D36: Bekor qilingan
A37: Marketing | B37: MRK
A38: Premiya | B38: PRM
A39: Boshqa | B39: BSH
A40: Proekt xarajati | B40: PRX
A41: MIZAN | B41: MZN

Sheet Xodimlar va Soat narxi
A1: XODIMLAR VA 1 SOAT NARXI
A3: No | B3: F.I.Sh. | C3: Lavozimi | D3: Bo'lim | E3: Asosiy maosh | F3: Premiya | G3: Soliq (12%) | H3: JSSM (12%) | I3: Jami shaxsiy | J3: Ma'muriyat ulushi | K3: Texnika ulushi | L3: Overhead ulushi | M3: Jami soatlik xarajat | N3: 1 soat narxi (to'liq) | O3: Oylik ish soatlari | P3: Turi | Q3: 1 soat narxi (USD) | R3: Oylik to'liq (USD)
A4: 🏗️ MASTER PLANNING
A5: 1 | B5: Rahimov Jasur | C5: Bo'lim boshlig'i | D5: Master Planning | E5: 22000000 | F5: 4000000 | G5: =(E5+F5)*0.12 -> 3120000 | H5: =(E5+F5)*0.12 -> 3120000 | I5: =E5+F5+G5+H5 -> 32240000 | J5: =I$34/15/Settings!$B$8 -> 58946.97 | K5: ='Texnika va Overhead'!F15/15 -> 3672.138 | L5: ='Texnika va Overhead'!D39 -> 0 | M5: =I5/Settings!$B$8+J5+K5+L5 -> 245800.93 | N5: =M5 -> 245800.93 | O5: =Settings!$B$8 -> 176 | P5: Ishlab chiqarish | Q5: =N5/Settings!$B$4 -> 19.128477 | R5: =Q5*O5 -> 3366.6119
A6: 2 | B6: Azimov Bobur | C6: Master planner | D6: Master Planning | E6: 18000000 | F6: 3500000 | G6: =(E6+F6)*0.12 -> 2580000 | H6: =(E6+F6)*0.12 -> 2580000 | I6: =E6+F6+G6+H6 -> 26660000 | J6: =I$34/15/Settings!$B$8 -> 58946.97 | K6: ='Texnika va Overhead'!F15/15 -> 3672.138 | L6: ='Texnika va Overhead'!D39 -> 0 | M6: =I6/Settings!$B$8+J6+K6+L6 -> 214096.38 | N6: =M6 -> 214096.38 | O6: =Settings!$B$8 -> 176 | P6: Ishlab chiqarish | Q6: =N6/Settings!$B$4 -> 16.661197 | R6: =Q6*O6 -> 2932.3707
A7: 📐 ARXITEKTURA
A8: 3 | B8: Aliyev Sardor | C8: Bosh arxitektor | D8: Arxitektura | E8: 25000000 | F8: 5000000 | G8: =(E8+F8)*0.12 -> 3600000 | H8: =(E8+F8)*0.12 -> 3600000 | I8: =E8+F8+G8+H8 -> 37200000 | J8: =I$34/15/Settings!$B$8 -> 58946.97 | K8: ='Texnika va Overhead'!F15/15 -> 3672.138 | L8: ='Texnika va Overhead'!D39 -> 0 | M8: =I8/Settings!$B$8+J8+K8+L8 -> 273982.74 | N8: =M8 -> 273982.74 | O8: =Settings!$B$8 -> 176 | P8: Ishlab chiqarish | Q8: =N8/Settings!$B$4 -> 21.321614 | R8: =Q8*O8 -> 3752.6041
A9: 4 | B9: Karimov Davron | C9: Katta arxitektor | D9: Arxitektura | E9: 20000000 | F9: 4000000 | G9: =(E9+F9)*0.12 -> 2880000 | H9: =(E9+F9)*0.12 -> 2880000 | I9: =E9+F9+G9+H9 -> 29760000 | J9: =I$34/15/Settings!$B$8 -> 58946.97 | K9: ='Texnika va Overhead'!F15/15 -> 3672.138 | L9: ='Texnika va Overhead'!D39 -> 0 | M9: =I9/Settings!$B$8+J9+K9+L9 -> 231710.02 | N9: =M9 -> 231710.02 | O9: =Settings!$B$8 -> 176 | P9: Ishlab chiqarish | Q9: =N9/Settings!$B$4 -> 18.031908 | R9: =Q9*O9 -> 3173.6158
A10: 5 | B10: Toshmatov Bekzod | C10: Arxitektor | D10: Arxitektura | E10: 15000000 | F10: 3000000 | G10: =(E10+F10)*0.12 -> 2160000 | H10: =(E10+F10)*0.12 -> 2160000 | I10: =E10+F10+G10+H10 -> 22320000 | J10: =I$34/15/Settings!$B$8 -> 58946.97 | K10: ='Texnika va Overhead'!F15/15 -> 3672.138 | L10: ='Texnika va Overhead'!D39 -> 0 | M10: =I10/Settings!$B$8+J10+K10+L10 -> 189437.29 | N10: =M10 -> 189437.29 | O10: =Settings!$B$8 -> 176 | P10: Ishlab chiqarish | Q10: =N10/Settings!$B$4 -> 14.742202 | R10: =Q10*O10 -> 2594.6275
A11: 6 | B11: Ismoilov Farhod | C11: Arxitektor | D11: Arxitektura | E11: 14000000 | F11: 2500000 | G11: =(E11+F11)*0.12 -> 1980000 | H11: =(E11+F11)*0.12 -> 1980000 | I11: =E11+F11+G11+H11 -> 20460000 | J11: =I$34/15/Settings!$B$8 -> 58946.97 | K11: ='Texnika va Overhead'!F15/15 -> 3672.138 | L11: ='Texnika va Overhead'!D39 -> 0 | M11: =I11/Settings!$B$8+J11+K11+L11 -> 178869.11 | N11: =M11 -> 178869.11 | O11: =Settings!$B$8 -> 176 | P11: Ishlab chiqarish | Q11: =N11/Settings!$B$4 -> 13.919775 | R11: =Q11*O11 -> 2449.8804
A12: 🎨 3D VIZUALIZATSIYA
A13: 7 | B13: Abdullayev Otabek | C13: 3D Lead | D13: 3D Vizualizatsiya | E13: 16000000 | F13: 3000000 | G13: =(E13+F13)*0.12 -> 2280000 | H13: =(E13+F13)*0.12 -> 2280000 | I13: =E13+F13+G13+H13 -> 23560000 | J13: =I$34/15/Settings!$B$8 -> 58946.97 | K13: ='Texnika va Overhead'!F15/15 -> 3672.138 | L13: ='Texnika va Overhead'!D39 -> 0 | M13: =I13/Settings!$B$8+J13+K13+L13 -> 196482.74 | N13: =M13 -> 196482.74 | O13: =Settings!$B$8 -> 176 | P13: Ishlab chiqarish | Q13: =N13/Settings!$B$4 -> 15.290486 | R13: =Q13*O13 -> 2691.1255
A14: 8 | B14: Qosimova Nodira | C14: 3D Artist | D14: 3D Vizualizatsiya | E14: 15000000 | F14: 2500000 | G14: =(E14+F14)*0.12 -> 2100000 | H14: =(E14+F14)*0.12 -> 2100000 | I14: =E14+F14+G14+H14 -> 21700000 | J14: =I$34/15/Settings!$B$8 -> 58946.97 | K14: ='Texnika va Overhead'!F15/15 -> 3672.138 | L14: ='Texnika va Overhead'!D39 -> 0 | M14: =I14/Settings!$B$8+J14+K14+L14 -> 185914.56 | N14: =M14 -> 185914.56 | O14: =Settings!$B$8 -> 176 | P14: Ishlab chiqarish | Q14: =N14/Settings!$B$4 -> 14.468059 | R14: =Q14*O14 -> 2546.3784
A15: 🛋️ INTERIOR DESIGN
A16: 9 | B16: Nurmatova Dilnoza | C16: Interior boshlig'i | D16: Interior Design | E16: 16000000 | F16: 3000000 | G16: =(E16+F16)*0.12 -> 2280000 | H16: =(E16+F16)*0.12 -> 2280000 | I16: =E16+F16+G16+H16 -> 23560000 | J16: =I$34/15/Settings!$B$8 -> 58946.97 | K16: ='Texnika va Overhead'!F15/15 -> 3672.138 | L16: ='Texnika va Overhead'!D39 -> 0 | M16: =I16/Settings!$B$8+J16+K16+L16 -> 196482.74 | N16: =M16 -> 196482.74 | O16: =Settings!$B$8 -> 176 | P16: Ishlab chiqarish | Q16: =N16/Settings!$B$4 -> 15.290486 | R16: =Q16*O16 -> 2691.1255
A17: 10 | B17: Ergasheva Shahlo | C17: Interior dizayner | D17: Interior Design | E17: 13000000 | F17: 2000000 | G17: =(E17+F17)*0.12 -> 1800000 | H17: =(E17+F17)*0.12 -> 1800000 | I17: =E17+F17+G17+H17 -> 18600000 | J17: =I$34/15/Settings!$B$8 -> 58946.97 | K17: ='Texnika va Overhead'!F15/15 -> 3672.138 | L17: ='Texnika va Overhead'!D39 -> 0 | M17: =I17/Settings!$B$8+J17+K17+L17 -> 168300.93 | N17: =M17 -> 168300.93 | O17: =Settings!$B$8 -> 176 | P17: Ishlab chiqarish | Q17: =N17/Settings!$B$4 -> 13.097348 | R17: =Q17*O17 -> 2305.1333
A18: 🖼️ GRAPHIC DESIGN
A19: 11 | B19: Mirzayeva Gulnora | C19: Graphic Lead | D19: Graphic Design | E19: 14000000 | F19: 2500000 | G19: =(E19+F19)*0.12 -> 1980000 | H19: =(E19+F19)*0.12 -> 1980000 | I19: =E19+F19+G19+H19 -> 20460000 | J19: =I$34/15/Settings!$B$8 -> 58946.97 | K19: ='Texnika va Overhead'!F15/15 -> 3672.138 | L19: ='Texnika va Overhead'!D39 -> 0 | M19: =I19/Settings!$B$8+J19+K19+L19 -> 178869.11 | N19: =M19 -> 178869.11 | O19: =Settings!$B$8 -> 176 | P19: Ishlab chiqarish | Q19: =N19/Settings!$B$4 -> 13.919775 | R19: =Q19*O19 -> 2449.8804
A20: 12 | B20: Xudoyberdiyev Jasur | C20: Graphic dizayner | D20: Graphic Design | E20: 12000000 | F20: 2000000 | G20: =(E20+F20)*0.12 -> 1680000 | H20: =(E20+F20)*0.12 -> 1680000 | I20: =E20+F20+G20+H20 -> 17360000 | J20: =I$34/15/Settings!$B$8 -> 58946.97 | K20: ='Texnika va Overhead'!F15/15 -> 3672.138 | L20: ='Texnika va Overhead'!D39 -> 0 | M20: =I20/Settings!$B$8+J20+K20+L20 -> 161255.47 | N20: =M20 -> 161255.47 | O20: =Settings!$B$8 -> 176 | P20: Ishlab chiqarish | Q20: =N20/Settings!$B$4 -> 12.549064 | R20: =Q20*O20 -> 2208.6353
A21: 💰 SMETA
A22: 13 | B22: Hasanov Timur | C22: Smetachi | D22: Smeta | E22: 16000000 | F22: 2500000 | G22: =(E22+F22)*0.12 -> 2220000 | H22: =(E22+F22)*0.12 -> 2220000 | I22: =E22+F22+G22+H22 -> 22940000 | J22: =I$34/15/Settings!$B$8 -> 58946.97 | K22: ='Texnika va Overhead'!F15/15 -> 3672.138 | L22: ='Texnika va Overhead'!D39 -> 0 | M22: =I22/Settings!$B$8+J22+K22+L22 -> 192960.02 | N22: =M22 -> 192960.02 | O22: =Settings!$B$8 -> 176 | P22: Ishlab chiqarish | Q22: =N22/Settings!$B$4 -> 15.016344 | R22: =Q22*O22 -> 2642.8765
A23: 🔧 KONSTRUKTOR
A24: 14 | B24: Xolmatov Ulugbek | C24: BIM/Konstruktor lead | D24: Konstruktor | E24: 18000000 | F24: 3500000 | G24: =(E24+F24)*0.12 -> 2580000 | H24: =(E24+F24)*0.12 -> 2580000 | I24: =E24+F24+G24+H24 -> 26660000 | J24: =I$34/15/Settings!$B$8 -> 58946.97 | K24: ='Texnika va Overhead'!F15/15 -> 3672.138 | L24: ='Texnika va Overhead'!D39 -> 0 | M24: =I24/Settings!$B$8+J24+K24+L24 -> 214096.38 | N24: =M24 -> 214096.38 | O24: =Settings!$B$8 -> 176 | P24: Ishlab chiqarish | Q24: =N24/Settings!$B$4 -> 16.661197 | R24: =Q24*O24 -> 2932.3707
A25: 15 | B25: Tursunov Sherzod | C25: Konstruktor | D25: Konstruktor | E25: 17000000 | F25: 3000000 | G25: =(E25+F25)*0.12 -> 2400000 | H25: =(E25+F25)*0.12 -> 2400000 | I25: =E25+F25+G25+H25 -> 24800000 | J25: =I$34/15/Settings!$B$8 -> 58946.97 | K25: ='Texnika va Overhead'!F15/15 -> 3672.138 | L25: ='Texnika va Overhead'!D39 -> 0 | M25: =I25/Settings!$B$8+J25+K25+L25 -> 203528.2 | N25: =M25 -> 203528.2 | O25: =Settings!$B$8 -> 176 | P25: Ishlab chiqarish | Q25: =N25/Settings!$B$4 -> 15.83877 | R25: =Q25*O25 -> 2787.6236
A26: 🏢 MA'MURIYAT
A27: 16 | B27: Yusupov Akbar | C27: Direktor | D27: Ma'muriyat | E27: 35000000 | F27: 8000000 | G27: =(E27+F27)*0.12 -> 5160000 | H27: =(E27+F27)*0.12 -> 5160000 | I27: =E27+F27+G27+H27 -> 53320000 | J27: 0 | K27: 0 | L27: 0 | M27: 0 | N27: - | O27: =Settings!$B$8 -> 176 | P27: Ma'muriyat | Q27: - | R27: -
A28: 17 | B28: Sobirova Malika | C28: Buxgalter | D28: Ma'muriyat | E28: 12000000 | F28: 2000000 | G28: =(E28+F28)*0.12 -> 1680000 | H28: =(E28+F28)*0.12 -> 1680000 | I28: =E28+F28+G28+H28 -> 17360000 | J28: 0 | K28: 0 | L28: 0 | M28: 0 | N28: - | O28: =Settings!$B$8 -> 176 | P28: Ma'muriyat | Q28: - | R28: -
A29: 18 | B29: Raximova Shaxlo | C29: Finansist | D29: Ma'muriyat | E29: 14000000 | F29: 2500000 | G29: =(E29+F29)*0.12 -> 1980000 | H29: =(E29+F29)*0.12 -> 1980000 | I29: =E29+F29+G29+H29 -> 20460000 | J29: 0 | K29: 0 | L29: 0 | M29: 0 | N29: - | O29: =Settings!$B$8 -> 176 | P29: Ma'muriyat | Q29: - | R29: -
A30: 19 | B30: Kamolov Rustam | C30: Ofis menejer | D30: Ma'muriyat | E30: 10000000 | F30: 1500000 | G30: =(E30+F30)*0.12 -> 1380000 | H30: =(E30+F30)*0.12 -> 1380000 | I30: =E30+F30+G30+H30 -> 14260000 | J30: 0 | K30: 0 | L30: 0 | M30: 0 | N30: - | O30: =Settings!$B$8 -> 176 | P30: Ma'muriyat | Q30: - | R30: -
A31: 20 | B31: Xasanova Dilfuza | C31: HR manager | D31: Ma'muriyat | E31: 12000000 | F31: 2000000 | G31: =(E31+F31)*0.12 -> 1680000 | H31: =(E31+F31)*0.12 -> 1680000 | I31: =E31+F31+G31+H31 -> 17360000 | J31: 0 | K31: 0 | L31: 0 | M31: 0 | N31: - | O31: =Settings!$B$8 -> 176 | P31: Ma'muriyat | Q31: - | R31: -
A32: 21 | B32: Salimov Nodir | C32: Yurist | D32: Ma'muriyat | E32: 15000000 | F32: 2500000 | G32: =(E32+F32)*0.12 -> 2100000 | H32: =(E32+F32)*0.12 -> 2100000 | I32: =E32+F32+G32+H32 -> 21700000 | J32: 0 | K32: 0 | L32: 0 | M32: 0 | N32: - | O32: =Settings!$B$8 -> 176 | P32: Ma'muriyat | Q32: - | R32: -
A33: 22 | B33: Tojiboyev Anvar | C33: Farrosh/Texnik | D33: Ma'muriyat | E33: 8000000 | F33: 1000000 | G33: =(E33+F33)*0.12 -> 1080000 | H33: =(E33+F33)*0.12 -> 1080000 | I33: =E33+F33+G33+H33 -> 11160000 | J33: 0 | K33: 0 | L33: 0 | M33: 0 | N33: - | O33: =Settings!$B$8 -> 176 | P33: Ma'muriyat | Q33: - | R33: -
B34: JAMI MA'MURIYAT XARAJATI | I34: =I27+I28+I29+I30+I31+I32+I33 -> 155620000
B35: JAMI BARCHA XODIMLAR | I35: =I27+I28+I29+I30+I31+I32+I33+I5+I6+I8+I9+I10+I11+I13+I14+I16+I17+I19+I20+I22+I24+I25 -> 523900000
B36: O'rtacha 1 soat narxi (ishlab chiqarish) | N36: =AVERAGE(N5,N6,N8,N9,N10,N11,N13,N14,N16,N17,N19,N20,N22,N24,N25) -> 202119.11 | Q36: =N36/Settings!$B$4 -> 15.729113 | R36: =Q36*O36 -> 0

Sheet Texnika va Overhead
A1: TEXNIKA AMORTIZATSIYASI VA OVERHEAD
A3: TEXNIKA AMORTIZATSIYASI
A4: No | B4: Jihoz nomi | C4: Umumiy narxi (UZS) | D4: Muddat (oy) | E4: Oylik amort. | F4: Soatlik amort. | G4: Oylik amort. (USD)
A5: 1 | B5: Dell Precision 7780 (x5) | C5: 75000000 | D5: 36 | E5: =C5/D5 -> 2083333.3 | F5: =E5/Settings!$B$8 -> 11837.121 | G5: =E5/Settings!$B$4 -> 162.12711
A6: 2 | B6: MacBook Pro 16 (x3) | C6: 90000000 | D6: 36 | E6: =C6/D6 -> 2500000 | F6: =E6/Settings!$B$8 -> 14204.545 | G6: =E6/Settings!$B$4 -> 194.55253
A7: 3 | B7: HP DesignJet Plotter | C7: 45000000 | D7: 48 | E7: =C7/D7 -> 937500 | F7: =E7/Settings!$B$8 -> 5326.7045 | G7: =E7/Settings!$B$4 -> 72.957198
A8: 4 | B8: Monitor 4K 32" (x10) | C8: 50000000 | D8: 48 | E8: =C8/D8 -> 1041666.7 | F8: =E8/Settings!$B$8 -> 5918.5606 | G8: =E8/Settings!$B$4 -> 81.063554
A9: 5 | B9: 3D Printer Creality | C9: 15000000 | D9: 36 | E9: =C9/D9 -> 416666.67 | F9: =E9/Settings!$B$8 -> 2367.4242 | G9: =E9/Settings!$B$4 -> 32.425422
A10: 6 | B10: Server Dell PowerEdge | C10: 60000000 | D10: 60 | E10: =C10/D10 -> 1000000 | F10: =E10/Settings!$B$8 -> 5681.8182 | G10: =E10/Settings!$B$4 -> 77.821012
A11: 7 | B11: Skaner A0 format | C11: 25000000 | D11: 48 | E11: =C11/D11 -> 520833.33 | F11: =E11/Settings!$B$8 -> 2959.2803 | G11: =E11/Settings!$B$4 -> 40.531777
A12: 8 | B12: Proyektor Epson | C12: 12000000 | D12: 48 | E12: =C12/D12 -> 250000 | F12: =E12/Settings!$B$8 -> 1420.4545 | G12: =E12/Settings!$B$4 -> 19.455253
A13: 9 | B13: Mebellar (stol, stul) | C13: 40000000 | D13: 60 | E13: =C13/D13 -> 666666.67 | F13: =E13/Settings!$B$8 -> 3787.8788 | G13: =E13/Settings!$B$4 -> 51.880674
A14: 10 | B14: UPS / Stabilizator (x5) | C14: 10000000 | D14: 36 | E14: =C14/D14 -> 277777.78 | F14: =E14/Settings!$B$8 -> 1578.2828 | G14: =E14/Settings!$B$4 -> 21.616948
B15: JAMI TEXNIKA | C15: =SUM(C5:C14) -> 422000000 | E15: =SUM(E5:E14) -> 9694444.4 | F15: =SUM(F5:F14) -> 55082.071 | G15: =SUM(G5:G14) -> 754.43147
A17: OYLIK OVERHEAD XARAJATLAR
A18: No | B18: Xarajat turi | C18: Oylik summa (UZS) | D18: Soatlik summa | E18: Oylik (USD)
A19: 1 | B19: Ofis ijarasi | C19: 15000000 | D19: =C19/(15*Settings!$B$8) -> 5681.8182 | E19: =C19/Settings!$B$4 -> 1167.3152
A20: 2 | B20: Ovqat xarajatlari | C20: 8000000 | D20: =C20/(15*Settings!$B$8) -> 3030.303 | E20: =C20/Settings!$B$4 -> 622.56809
A21: 3 | B21: Internet va telefon | C21: 3000000 | D21: =C21/(15*Settings!$B$8) -> 1136.3636 | E21: =C21/Settings!$B$4 -> 233.46304
A22: 4 | B22: Elektr energiya | C22: 2500000 | D22: =C22/(15*Settings!$B$8) -> 946.9697 | E22: =C22/Settings!$B$4 -> 194.55253
A23: 5 | B23: Ofis yigim-terim | C23: 2000000 | D23: =C23/(15*Settings!$B$8) -> 757.57576 | E23: =C23/Settings!$B$4 -> 155.64202
A24: 6 | B24: Marketing va reklama | C24: 5000000 | D24: =C24/(15*Settings!$B$8) -> 1893.9394 | E24: =C24/Settings!$B$4 -> 389.10506
A25: 7 | B25: Buxgalteriya xizmati | C25: 3000000 | D25: =C25/(15*Settings!$B$8) -> 1136.3636 | E25: =C25/Settings!$B$4 -> 233.46304
A26: 8 | B26: Yuridik xizmatlar | C26: 2000000 | D26: =C26/(15*Settings!$B$8) -> 757.57576 | E26: =C26/Settings!$B$4 -> 155.64202
A27: 9 | B27: Tamirlash va texnik xizmat | C27: 4000000 | D27: =C27/(15*Settings!$B$8) -> 1515.1515 | E27: =C27/Settings!$B$4 -> 311.28405
A28: 10 | B28: Boshqa overhead | C28: 3000000 | D28: =C28/(15*Settings!$B$8) -> 1136.3636 | E28: =C28/Settings!$B$4 -> 233.46304
B29: JAMI OVERHEAD | C29: =SUM(C19:C28) -> 47500000 | D29: =SUM(D19:D28) -> 17992.424 | E29: =SUM(E19:E28) -> 3696.4981

Sheet Proekt vaqt va Risk
A1: PROEKT VAQT HISOBI VA MIZAN ULUSHI
A3: No | B3: Proekt nomi | C3: Risk koeff. | D3: Rahimov (Master) | E3: Azimov (Master) | F3: Aliyev (Arxite) | G3: Karimov (Arxite) | H3: Toshmato (Arxite) | I3: Ismoilov (Arxite) | J3: Abdullay (3D Viz) | K3: Qosimova (3D Viz) | L3: Nurmatov (Interi) | M3: Ergashev (Interi) | N3: Mirzayev (Graphi) | O3: Xudoyber (Graphi) | P3: Hasanov (Smeta) | Q3: Xolmatov (Konstr) | R3: Tursunov (Konstr) | S3: Jami soat | T3: MIZAN ulushi (UZS) | U3: MIZAN ulushi (USD)
A4: 1 | B4: Toshkent City Tower | C4: 1.1 | D4: 60 | E4: 160 | F4: 120 | G4: 60 | H4: 80 | I4: 120 | J4: 60 | K4: 24 | L4: 40 | M4: 80 | N4: 24 | O4: 8 | P4: 16 | Q4: 60 | R4: 24 | S4: =SUM(D4:R4) -> 936 | T4: =(D4*'Xodimlar va Soat narxi'!N5+E4*'Xodimlar va Soat narxi'!N6+F4*'Xodimlar va Soat narxi'!N8+G4*'Xodimlar va Soat narxi'!N9+H4*'Xodimlar va Soat narxi'!N10+I4*'Xodimlar va Soat narxi'!N11+J4*'Xodimlar va Soat narxi'!N13+K4*'Xodimlar va Soat narxi'!N14+L4*'Xodimlar va Soat narxi'!N16+M4*'Xodimlar va Soat narxi'!N17+N4*'Xodimlar va Soat narxi'!N19+O4*'Xodimlar va Soat narxi'!N20+P4*'Xodimlar va Soat narxi'!N22+Q4*'Xodimlar va Soat narxi'!N24+R4*'Xodimlar va Soat narxi'!N25)*C4 -> 2.1601613e+08 | U4: =T4/Settings!$B$4 -> 16810.594
A5: 2 | B5: Samarqand Hotel | C5: 1.15 | D5: 60 | E5: 60 | F5: 40 | G5: 24 | H5: 160 | I5: 40 | J5: 24 | K5: 0 | L5: 80 | M5: 60 | N5: 40 | O5: 0 | P5: 8 | Q5: 8 | R5: 60 | S5: =SUM(D5:R5) -> 664 | T5: =(D5*'Xodimlar va Soat narxi'!N5+E5*'Xodimlar va Soat narxi'!N6+F5*'Xodimlar va Soat narxi'!N8+G5*'Xodimlar va Soat narxi'!N9+H5*'Xodimlar va Soat narxi'!N10+I5*'Xodimlar va Soat narxi'!N11+J5*'Xodimlar va Soat narxi'!N13+K5*'Xodimlar va Soat narxi'!N14+L5*'Xodimlar va Soat narxi'!N16+M5*'Xodimlar va Soat narxi'!N17+N5*'Xodimlar va Soat narxi'!N19+O5*'Xodimlar va Soat narxi'!N20+P5*'Xodimlar va Soat narxi'!N22+Q5*'Xodimlar va Soat narxi'!N24+R5*'Xodimlar va Soat narxi'!N25)*C5 -> 1.549442e+08 | U5: =T5/Settings!$B$4 -> 12057.914
A6: 3 | B6: Buxoro Madaniyat Markazi | C6: 1.2 | D6: 60 | E6: 160 | F6: 120 | G6: 120 | H6: 120 | I6: 60 | J6: 0 | K6: 16 | L6: 24 | M6: 16 | N6: 8 | O6: 0 | P6: 16 | Q6: 0 | R6: 60 | S6: =SUM(D6:R6) -> 780 | T6: =(D6*'Xodimlar va Soat narxi'!N5+E6*'Xodimlar va Soat narxi'!N6+F6*'Xodimlar va Soat narxi'!N8+G6*'Xodimlar va Soat narxi'!N9+H6*'Xodimlar va Soat narxi'!N10+I6*'Xodimlar va Soat narxi'!N11+J6*'Xodimlar va Soat narxi'!N13+K6*'Xodimlar va Soat narxi'!N14+L6*'Xodimlar va Soat narxi'!N16+M6*'Xodimlar va Soat narxi'!N17+N6*'Xodimlar va Soat narxi'!N19+O6*'Xodimlar va Soat narxi'!N20+P6*'Xodimlar va Soat narxi'!N22+Q6*'Xodimlar va Soat narxi'!N24+R6*'Xodimlar va Soat narxi'!N25)*C6 -> 2.0431712e+08 | U6: =T6/Settings!$B$4 -> 15900.165
A7: 4 | B7: Chilonzor Turar-joy | C7: 1.3 | D7: 40 | E7: 60 | F7: 24 | G7: 24 | H7: 120 | I7: 60 | J7: 80 | K7: 16 | L7: 80 | M7: 40 | N7: 0 | O7: 0 | P7: 40 | Q7: 16 | R7: 24 | S7: =SUM(D7:R7) -> 624 | T7: =(D7*'Xodimlar va Soat narxi'!N5+E7*'Xodimlar va Soat narxi'!N6+F7*'Xodimlar va Soat narxi'!N8+G7*'Xodimlar va Soat narxi'!N9+H7*'Xodimlar va Soat narxi'!N10+I7*'Xodimlar va Soat narxi'!N11+J7*'Xodimlar va Soat narxi'!N13+K7*'Xodimlar va Soat narxi'!N14+L7*'Xodimlar va Soat narxi'!N16+M7*'Xodimlar va Soat narxi'!N17+N7*'Xodimlar va Soat narxi'!N19+O7*'Xodimlar va Soat narxi'!N20+P7*'Xodimlar va Soat narxi'!N22+Q7*'Xodimlar va Soat narxi'!N24+R7*'Xodimlar va Soat narxi'!N25)*C7 -> 1.6308707e+08 | U7: =T7/Settings!$B$4 -> 12691.601
A8: 5 | B8: Nukus Biznes Markazi | C8: 1.2 | D8: 80 | E8: 60 | F8: 40 | G8: 24 | H8: 60 | I8: 80 | J8: 0 | K8: 0 | L8: 40 | M8: 40 | N8: 0 | O8: 24 | P8: 60 | Q8: 60 | R8: 0 | S8: =SUM(D8:R8) -> 568 | T8: =(D8*'Xodimlar va Soat narxi'!N5+E8*'Xodimlar va Soat narxi'!N6+F8*'Xodimlar va Soat narxi'!N8+G8*'Xodimlar va Soat narxi'!N9+H8*'Xodimlar va Soat narxi'!N10+I8*'Xodimlar va Soat narxi'!N11+J8*'Xodimlar va Soat narxi'!N13+K8*'Xodimlar va Soat narxi'!N14+L8*'Xodimlar va Soat narxi'!N16+M8*'Xodimlar va Soat narxi'!N17+N8*'Xodimlar va Soat narxi'!N19+O8*'Xodimlar va Soat narxi'!N20+P8*'Xodimlar va Soat narxi'!N22+Q8*'Xodimlar va Soat narxi'!N24+R8*'Xodimlar va Soat narxi'!N25)*C8 -> 1.41109e+08 | U8: =T8/Settings!$B$4 -> 10981.245
A9: 6 | B9: Fargona Shopping Mall | C9: 1.1 | D9: 40 | E9: 120 | F9: 60 | G9: 24 | H9: 40 | I9: 24 | J9: 60 | K9: 40 | L9: 60 | M9: 60 | N9: 24 | O9: 0 | P9: 40 | Q9: 24 | R9: 24 | S9: =SUM(D9:R9) -> 640 | T9: =(D9*'Xodimlar va Soat narxi'!N5+E9*'Xodimlar va Soat narxi'!N6+F9*'Xodimlar va Soat narxi'!N8+G9*'Xodimlar va Soat narxi'!N9+H9*'Xodimlar va Soat narxi'!N10+I9*'Xodimlar va Soat narxi'!N11+J9*'Xodimlar va Soat narxi'!N13+K9*'Xodimlar va Soat narxi'!N14+L9*'Xodimlar va Soat narxi'!N16+M9*'Xodimlar va Soat narxi'!N17+N9*'Xodimlar va Soat narxi'!N19+O9*'Xodimlar va Soat narxi'!N20+P9*'Xodimlar va Soat narxi'!N22+Q9*'Xodimlar va Soat narxi'!N24+R9*'Xodimlar va Soat narxi'!N25)*C9 -> 1.4579485e+08 | U9: =T9/Settings!$B$4 -> 11345.903
A10: 7 | B10: Toshkent Metro Stansiya | C10: 1.2 | D10: 60 | E10: 120 | F10: 80 | G10: 60 | H10: 120 | I10: 120 | J10: 0 | K10: 60 | L10: 80 | M10: 0 | N10: 0 | O10: 40 | P10: 8 | Q10: 16 | R10: 60 | S10: =SUM(D10:R10) -> 824 | T10: =(D10*'Xodimlar va Soat narxi'!N5+E10*'Xodimlar va Soat narxi'!N6+F10*'Xodimlar va Soat narxi'!N8+G10*'Xodimlar va Soat narxi'!N9+H10*'Xodimlar va Soat narxi'!N10+I10*'Xodimlar va Soat narxi'!N11+J10*'Xodimlar va Soat narxi'!N13+K10*'Xodimlar va Soat narxi'!N14+L10*'Xodimlar va Soat narxi'!N16+M10*'Xodimlar va Soat narxi'!N17+N10*'Xodimlar va Soat narxi'!N19+O10*'Xodimlar va Soat narxi'!N20+P10*'Xodimlar va Soat narxi'!N22+Q10*'Xodimlar va Soat narxi'!N24+R10*'Xodimlar va Soat narxi'!N25)*C10 -> 2.0515468e+08 | U10: =T10/Settings!$B$4 -> 15965.345
A11: 8 | B11: Namangan Klinika | C11: 1 | D11: 40 | E11: 40 | F11: 40 | G11: 120 | H11: 24 | I11: 40 | J11: 0 | K11: 40 | L11: 40 | M11: 80 | N11: 24 | O11: 16 | P11: 16 | Q11: 0 | R11: 8 | S11: =SUM(D11:R11) -> 528 | T11: =(D11*'Xodimlar va Soat narxi'!N5+E11*'Xodimlar va Soat narxi'!N6+F11*'Xodimlar va Soat narxi'!N8+G11*'Xodimlar va Soat narxi'!N9+H11*'Xodimlar va Soat narxi'!N10+I11*'Xodimlar va Soat narxi'!N11+J11*'Xodimlar va Soat narxi'!N13+K11*'Xodimlar va Soat narxi'!N14+L11*'Xodimlar va Soat narxi'!N16+M11*'Xodimlar va Soat narxi'!N17+N11*'Xodimlar va Soat narxi'!N19+O11*'Xodimlar va Soat narxi'!N20+P11*'Xodimlar va Soat narxi'!N22+Q11*'Xodimlar va Soat narxi'!N24+R11*'Xodimlar va Soat narxi'!N25)*C11 -> 1.0921016e+08 | U11: =T11/Settings!$B$4 -> 8498.8453
A12: 9 | B12: Andijon Sport Majmuasi | C12: 1.15 | D12: 160 | E12: 60 | F12: 160 | G12: 80 | H12: 24 | I12: 160 | J12: 16 | K12: 24 | L12: 80 | M12: 60 | N12: 40 | O12: 0 | P12: 24 | Q12: 0 | R12: 40 | S12: =SUM(D12:R12) -> 928 | T12: =(D12*'Xodimlar va Soat narxi'!N5+E12*'Xodimlar va Soat narxi'!N6+F12*'Xodimlar va Soat narxi'!N8+G12*'Xodimlar va Soat narxi'!N9+H12*'Xodimlar va Soat narxi'!N10+I12*'Xodimlar va Soat narxi'!N11+J12*'Xodimlar va Soat narxi'!N13+K12*'Xodimlar va Soat narxi'!N14+L12*'Xodimlar va Soat narxi'!N16+M12*'Xodimlar va Soat narxi'!N17+N12*'Xodimlar va Soat narxi'!N19+O12*'Xodimlar va Soat narxi'!N20+P12*'Xodimlar va Soat narxi'!N22+Q12*'Xodimlar va Soat narxi'!N24+R12*'Xodimlar va Soat narxi'!N25)*C12 -> 2.3122223e+08 | U12: =T12/Settings!$B$4 -> 17993.948
A13: 10 | B13: Toshkent Ofis Binosi | C13: 1.1 | D13: 160 | E13: 40 | F13: 60 | G13: 40 | H13: 24 | I13: 24 | J13: 16 | K13: 24 | L13: 60 | M13: 80 | N13: 24 | O13: 8 | P13: 24 | Q13: 0 | R13: 24 | S13: =SUM(D13:R13) -> 608 | T13: =(D13*'Xodimlar va Soat narxi'!N5+E13*'Xodimlar va Soat narxi'!N6+F13*'Xodimlar va Soat narxi'!N8+G13*'Xodimlar va Soat narxi'!N9+H13*'Xodimlar va Soat narxi'!N10+I13*'Xodimlar va Soat narxi'!N11+J13*'Xodimlar va Soat narxi'!N13+K13*'Xodimlar va Soat narxi'!N14+L13*'Xodimlar va Soat narxi'!N16+M13*'Xodimlar va Soat narxi'!N17+N13*'Xodimlar va Soat narxi'!N19+O13*'Xodimlar va Soat narxi'!N20+P13*'Xodimlar va Soat narxi'!N22+Q13*'Xodimlar va Soat narxi'!N24+R13*'Xodimlar va Soat narxi'!N25)*C13 -> 1.4343566e+08 | U13: =T13/Settings!$B$4 -> 11162.308
A14: 11 | B14: Jizzax Maktab Loyihasi | C14: 1.15 | D14: 160 | E14: 80 | F14: 60 | G14: 120 | H14: 120 | I14: 80 | J14: 40 | K14: 0 | L14: 60 | M14: 0 | N14: 16 | O14: 40 | P14: 16 | Q14: 40 | R14: 16 | S14: =SUM(D14:R14) -> 848 | T14: =(D14*'Xodimlar va Soat narxi'!N5+E14*'Xodimlar va Soat narxi'!N6+F14*'Xodimlar va Soat narxi'!N8+G14*'Xodimlar va Soat narxi'!N9+H14*'Xodimlar va Soat narxi'!N10+I14*'Xodimlar va Soat narxi'!N11+J14*'Xodimlar va Soat narxi'!N13+K14*'Xodimlar va Soat narxi'!N14+L14*'Xodimlar va Soat narxi'!N16+M14*'Xodimlar va Soat narxi'!N17+N14*'Xodimlar va Soat narxi'!N19+O14*'Xodimlar va Soat narxi'!N20+P14*'Xodimlar va Soat narxi'!N22+Q14*'Xodimlar va Soat narxi'!N24+R14*'Xodimlar va Soat narxi'!N25)*C14 -> 2.0885161e+08 | U14: =T14/Settings!$B$4 -> 16253.043
A15: 12 | B15: Qarshi Villa Majmuasi | C15: 1 | D15: 24 | E15: 40 | F15: 160 | G15: 120 | H15: 120 | I15: 24 | J15: 80 | K15: 24 | L15: 60 | M15: 0 | N15: 0 | O15: 16 | P15: 40 | Q15: 60 | R15: 24 | S15: =SUM(D15:R15) -> 792 | T15: =(D15*'Xodimlar va Soat narxi'!N5+E15*'Xodimlar va Soat narxi'!N6+F15*'Xodimlar va Soat narxi'!N8+G15*'Xodimlar va Soat narxi'!N9+H15*'Xodimlar va Soat narxi'!N10+I15*'Xodimlar va Soat narxi'!N11+J15*'Xodimlar va Soat narxi'!N13+K15*'Xodimlar va Soat narxi'!N14+L15*'Xodimlar va Soat narxi'!N16+M15*'Xodimlar va Soat narxi'!N17+N15*'Xodimlar va Soat narxi'!N19+O15*'Xodimlar va Soat narxi'!N20+P15*'Xodimlar va Soat narxi'!N22+Q15*'Xodimlar va Soat narxi'!N24+R15*'Xodimlar va Soat narxi'!N25)*C15 -> 1.7312933e+08 | U15: =T15/Settings!$B$4 -> 13473.1
A16: 13 | B16: Toshkent Restoran Dizayn | C16: 1.15 | D16: 40 | E16: 120 | F16: 80 | G16: 160 | H16: 80 | I16: 24 | J16: 40 | K16: 24 | L16: 40 | M16: 24 | N16: 8 | O16: 40 | P16: 0 | Q16: 8 | R16: 16 | S16: =SUM(D16:R16) -> 704 | T16: =(D16*'Xodimlar va Soat narxi'!N5+E16*'Xodimlar va Soat narxi'!N6+F16*'Xodimlar va Soat narxi'!N8+G16*'Xodimlar va Soat narxi'!N9+H16*'Xodimlar va Soat narxi'!N10+I16*'Xodimlar va Soat narxi'!N11+J16*'Xodimlar va Soat narxi'!N13+K16*'Xodimlar va Soat narxi'!N14+L16*'Xodimlar va Soat narxi'!N16+M16*'Xodimlar va Soat narxi'!N17+N16*'Xodimlar va Soat narxi'!N19+O16*'Xodimlar va Soat narxi'!N20+P16*'Xodimlar va Soat narxi'!N22+Q16*'Xodimlar va Soat narxi'!N24+R16*'Xodimlar va Soat narxi'!N25)*C16 -> 1.7368893e+08 | U16: =T16/Settings!$B$4 -> 13516.648
A17: 14 | B17: Xiva Turizm Markazi | C17: 1.2 | D17: 160 | E17: 80 | F17: 60 | G17: 160 | H17: 80 | I17: 120 | J17: 0 | K17: 40 | L17: 0 | M17: 24 | N17: 8 | O17: 8 | P17: 0 | Q17: 24 | R17: 40 | S17: =SUM(D17:R17) -> 804 | T17: =(D17*'Xodimlar va Soat narxi'!N5+E17*'Xodimlar va Soat narxi'!N6+F17*'Xodimlar va Soat narxi'!N8+G17*'Xodimlar va Soat narxi'!N9+H17*'Xodimlar va Soat narxi'!N10+I17*'Xodimlar va Soat narxi'!N11+J17*'Xodimlar va Soat narxi'!N13+K17*'Xodimlar va Soat narxi'!N14+L17*'Xodimlar va Soat narxi'!N16+M17*'Xodimlar va Soat narxi'!N17+N17*'Xodimlar va Soat narxi'!N19+O17*'Xodimlar va Soat narxi'!N20+P17*'Xodimlar va Soat narxi'!N22+Q17*'Xodimlar va Soat narxi'!N24+R17*'Xodimlar va Soat narxi'!N25)*C17 -> 2.0887673e+08 | U17: =T17/Settings!$B$4 -> 16254.999
A18: 15 | B18: Toshkent Coworking | C18: 1 | D18: 160 | E18: 120 | F18: 80 | G18: 80 | H18: 24 | I18: 40 | J18: 60 | K18: 24 | L18: 60 | M18: 40 | N18: 40 | O18: 16 | P18: 0 | Q18: 8 | R18: 16 | S18: =SUM(D18:R18) -> 768 | T18: =(D18*'Xodimlar va Soat narxi'!N5+E18*'Xodimlar va Soat narxi'!N6+F18*'Xodimlar va Soat narxi'!N8+G18*'Xodimlar va Soat narxi'!N9+H18*'Xodimlar va Soat narxi'!N10+I18*'Xodimlar va Soat narxi'!N11+J18*'Xodimlar va Soat narxi'!N13+K18*'Xodimlar va Soat narxi'!N14+L18*'Xodimlar va Soat narxi'!N16+M18*'Xodimlar va Soat narxi'!N17+N18*'Xodimlar va Soat narxi'!N19+O18*'Xodimlar va Soat narxi'!N20+P18*'Xodimlar va Soat narxi'!N22+Q18*'Xodimlar va Soat narxi'!N24+R18*'Xodimlar va Soat narxi'!N25)*C18 -> 1.6665238e+08 | U18: =T18/Settings!$B$4 -> 12969.057
A19: 16 | B19: Sirdaryo Zavod Binosi | C19: 1.3 | D19: 40 | E19: 60 | F19: 80 | G19: 160 | H19: 80 | I19: 24 | J19: 0 | K19: 80 | L19: 60 | M19: 16 | N19: 40 | O19: 0 | P19: 16 | Q19: 40 | R19: 0 | S19: =SUM(D19:R19) -> 696 | T19: =(D19*'Xodimlar va Soat narxi'!N5+E19*'Xodimlar va Soat narxi'!N6+F19*'Xodimlar va Soat narxi'!N8+G19*'Xodimlar va Soat narxi'!N9+H19*'Xodimlar va Soat narxi'!N10+I19*'Xodimlar va Soat narxi'!N11+J19*'Xodimlar va Soat narxi'!N13+K19*'Xodimlar va Soat narxi'!N14+L19*'Xodimlar va Soat narxi'!N16+M19*'Xodimlar va Soat narxi'!N17+N19*'Xodimlar va Soat narxi'!N19+O19*'Xodimlar va Soat narxi'!N20+P19*'Xodimlar va Soat narxi'!N22+Q19*'Xodimlar va Soat narxi'!N24+R19*'Xodimlar va Soat narxi'!N25)*C19 -> 1.9406245e+08 | U19: =T19/Settings!$B$4 -> 15102.136
A20: 17 | B20: Navoiy Aeroport Dizayn | C20: 1.3 | D20: 80 | E20: 24 | F20: 40 | G20: 24 | H20: 80 | I20: 24 | J20: 80 | K20: 16 | L20: 40 | M20: 80 | N20: 8 | O20: 24 | P20: 60 | Q20: 16 | R20: 24 | S20: =SUM(D20:R20) -> 620 | T20: =(D20*'Xodimlar va Soat narxi'!N5+E20*'Xodimlar va Soat narxi'!N6+F20*'Xodimlar va Soat narxi'!N8+G20*'Xodimlar va Soat narxi'!N9+H20*'Xodimlar va Soat narxi'!N10+I20*'Xodimlar va Soat narxi'!N11+J20*'Xodimlar va Soat narxi'!N13+K20*'Xodimlar va Soat narxi'!N14+L20*'Xodimlar va Soat narxi'!N16+M20*'Xodimlar va Soat narxi'!N17+N20*'Xodimlar va Soat narxi'!N19+O20*'Xodimlar va Soat narxi'!N20+P20*'Xodimlar va Soat narxi'!N22+Q20*'Xodimlar va Soat narxi'!N24+R20*'Xodimlar va Soat narxi'!N25)*C20 -> 1.6376896e+08 | U20: =T20/Settings!$B$4 -> 12744.666
A21: 18 | B21: Toshkent IT Park 2 | C21: 1.2 | D21: 80 | E21: 40 | F21: 80 | G21: 120 | H21: 40 | I21: 80 | J21: 16 | K21: 60 | L21: 60 | M21: 80 | N21: 0 | O21: 0 | P21: 16 | Q21: 24 | R21: 16 | S21: =SUM(D21:R21) -> 712 | T21: =(D21*'Xodimlar va Soat narxi'!N5+E21*'Xodimlar va Soat narxi'!N6+F21*'Xodimlar va Soat narxi'!N8+G21*'Xodimlar va Soat narxi'!N9+H21*'Xodimlar va Soat narxi'!N10+I21*'Xodimlar va Soat narxi'!N11+J21*'Xodimlar va Soat narxi'!N13+K21*'Xodimlar va Soat narxi'!N14+L21*'Xodimlar va Soat narxi'!N16+M21*'Xodimlar va Soat narxi'!N17+N21*'Xodimlar va Soat narxi'!N19+O21*'Xodimlar va Soat narxi'!N20+P21*'Xodimlar va Soat narxi'!N22+Q21*'Xodimlar va Soat narxi'!N24+R21*'Xodimlar va Soat narxi'!N25)*C21 -> 1.8104704e+08 | U21: =T21/Settings!$B$4 -> 14089.264
A22: 19 | B22: Fergana Textile HQ | C22: 1.3 | D22: 60 | E22: 24 | F22: 60 | G22: 160 | H22: 60 | I22: 120 | J22: 60 | K22: 80 | L22: 40 | M22: 16 | N22: 16 | O22: 24 | P22: 24 | Q22: 16 | R22: 16 | S22: =SUM(D22:R22) -> 776 | T22: =(D22*'Xodimlar va Soat narxi'!N5+E22*'Xodimlar va Soat narxi'!N6+F22*'Xodimlar va Soat narxi'!N8+G22*'Xodimlar va Soat narxi'!N9+H22*'Xodimlar va Soat narxi'!N10+I22*'Xodimlar va Soat narxi'!N11+J22*'Xodimlar va Soat narxi'!N13+K22*'Xodimlar va Soat narxi'!N14+L22*'Xodimlar va Soat narxi'!N16+M22*'Xodimlar va Soat narxi'!N17+N22*'Xodimlar va Soat narxi'!N19+O22*'Xodimlar va Soat narxi'!N20+P22*'Xodimlar va Soat narxi'!N22+Q22*'Xodimlar va Soat narxi'!N24+R22*'Xodimlar va Soat narxi'!N25)*C22 -> 2.0993543e+08 | U22: =T22/Settings!$B$4 -> 16337.387
A23: 20 | B23: Toshkent Luxury Villa | C23: 1.3 | D23: 120 | E23: 80 | F23: 80 | G23: 60 | H23: 40 | I23: 160 | J23: 16 | K23: 60 | L23: 40 | M23: 16 | N23: 16 | O23: 0 | P23: 16 | Q23: 60 | R23: 24 | S23: =SUM(D23:R23) -> 788 | T23: =(D23*'Xodimlar va Soat narxi'!N5+E23*'Xodimlar va Soat narxi'!N6+F23*'Xodimlar va Soat narxi'!N8+G23*'Xodimlar va Soat narxi'!N9+H23*'Xodimlar va Soat narxi'!N10+I23*'Xodimlar va Soat narxi'!N11+J23*'Xodimlar va Soat narxi'!N13+K23*'Xodimlar va Soat narxi'!N14+L23*'Xodimlar va Soat narxi'!N16+M23*'Xodimlar va Soat narxi'!N17+N23*'Xodimlar va Soat narxi'!N19+O23*'Xodimlar va Soat narxi'!N20+P23*'Xodimlar va Soat narxi'!N22+Q23*'Xodimlar va Soat narxi'!N24+R23*'Xodimlar va Soat narxi'!N25)*C23 -> 2.1732365e+08 | U23: =T23/Settings!$B$4 -> 16912.346
B24: JAMI | D24: =SUM(D4:D23) -> 1684 | E24: =SUM(E4:E23) -> 1548 | F24: =SUM(F4:F23) -> 1524 | G24: =SUM(G4:G23) -> 1740 | H24: =SUM(H4:H23) -> 1496 | I24: =SUM(I4:I23) -> 1424 | J24: =SUM(J4:J23) -> 648 | K24: =SUM(K4:K23) -> 652 | ... U24: =SUM(U4:U23) -> 281060.52

Sheet Proekt Byudjet
A1: PROEKT BYUDJET — PLAN vs FAKT (MIZAN + OUTSOURCING)
A2: Taxminiy byudjet va haqiqiy xarajatlarni taqqoslash | Summalar UZS da
C3: 📋 PLAN (TAXMINIY BYUDJET) | J3: 📊 FAKT (HAQIQIY XARAJAT) | Q3: ⚖️ FARQ (PLAN - FAKT)
A4: № | B4: Proekt nomi | C4: Plan ishchilar | D4: Plan soatlar | E4: Plan MIZAN (UZS) | F4: Plan MIZAN (USD) | G4: Plan outsourcing | H4: Plan jami xarajat | J4: Fakt ishchilar | K4: Fakt soatlar | L4: Fakt MIZAN (UZS) | M4: Fakt MIZAN (USD) | N4: Fakt outsourcing | O4: Fakt jami xarajat | Q4: Farq ishchilar | R4: Farq soatlar | S4: Farq MIZAN (UZS) | T4: Farq outsourcing | U4: Farq jami (UZS) | V4: Farq (%) | W4: Byudjet holati | X4: Izoh
A5: 1 | B5: ='Proekt vaqt va Risk'!B4 -> Toshkent City Tower | C5: 8 | D5: 800 | E5: =D5*'Xodimlar va Soat narxi'!N36*'Proekt vaqt va Risk'!C4 -> 1.7786481e+08 | F5: =E5/Settings!$B$4 -> 13841.62 | G5: 59271717 | H5: =E5+G5 -> 2.3713653e+08 | J5: =COUNTIF('Proekt vaqt va Risk'!D4:R4,">0") -> 15 | K5: ='Proekt vaqt va Risk'!S4 -> 936 | L5: ='Proekt vaqt va Risk'!T4 -> 2.1601613e+08 | M5: ='Proekt vaqt va Risk'!U4 -> 16810.594 | N5: =SUMPRODUCT(('Tushum va Harajatlar'!B3:B275="PRJ-001")*('Tushum va Harajatlar'!R3:R275="Outsourcing")*'Tushum va Harajatlar'!N3:N275) -> 76059412 | O5: =L5+N5 -> 2.9207555e+08 | Q5: =C5-J5 -> -7 | R5: =D5-K5 -> -136 | S5: =E5-L5 -> -38151319 | T5: =G5-N5 -> -16787695 | U5: =H5-O5 -> -54939014 | V5: =IF(H5=0,0,(H5-O5)/H5) -> -0.23167672 | W5: =IF(V5>0.1,"✅ Byudjet ichida",IF(V5>-0.05,"⚠️ Chegarada","❌ Oshgan")) -> ❌ Oshgan
A6: 2 | B6: ='Proekt vaqt va Risk'!B5 -> Samarqand Hotel | C6: 7 | D6: 400 | E6: =D6*'Xodimlar va Soat narxi'!N36*'Proekt vaqt va Risk'!C5 -> 92974790 | F6: =E6/Settings!$B$4 -> 7235.3922 | G6: 95079000 | H6: =E6+G6 -> 1.8805379e+08 | J6: =COUNTIF('Proekt vaqt va Risk'!D5:R5,">0") -> 13 | K6: ='Proekt vaqt va Risk'!S5 -> 664 | L6: ='Proekt vaqt va Risk'!T5 -> 1.549442e+08 | M6: ='Proekt vaqt va Risk'!U5 -> 12057.914 | N6: =SUMPRODUCT(('Tushum va Harajatlar'!B3:B275="PRJ-002")*('Tushum va Harajatlar'!R3:R275="Outsourcing")*'Tushum va Harajatlar'!N3:N275) -> 162597872 | O6: =L6+N6 -> 3.1754207e+08 | Q6: =C6-J6 -> -6 | R6: =D6-K6 -> -264 | S6: =E6-L6 -> -61969411 | T6: =G6-N6 -> -67518872 | U6: =H6-O6 -> -1.2948828e+08 | V6: =IF(H6=0,0,(H6-O6)/H6) -> -0.68857045 | W6: =IF(V6>0.1,"✅ Byudjet ichida",IF(V6>-0.05,"⚠️ Chegarada","❌ Oshgan")) -> ❌ Oshgan
A7: 3 | B7: ='Proekt vaqt va Risk'!B6 -> Buxoro Madaniyat Markazi | C7: 12 | D7: 1200 | E7: =D7*'Xodimlar va Soat narxi'!N36*'Proekt vaqt va Risk'!C6 -> 2.9105152e+08 | F7: =E7/Settings!$B$4 -> 22649.923 | G7: 47957684 | H7: =E7+G7 -> 3.390092e+08 | J7: =COUNTIF('Proekt vaqt va Risk'!D6:R6,">0") -> 12 | K7: ='Proekt vaqt va Risk'!S6 -> 780 | L7: ='Proekt vaqt va Risk'!T6 -> 2.0431712e+08 | M7: ='Proekt vaqt va Risk'!U6 -> 15900.165 | N7: =SUMPRODUCT(('Tushum va Harajatlar'!B3:B275="PRJ-003")*('Tushum va Harajatlar'!R3:R275="Outsourcing")*'Tushum va Harajatlar'!N3:N275) -> 48252202 | O7: =L7+N7 -> 2.5256932e+08 | Q7: =C7-J7 -> 0 | R7: =D7-K7 -> 420 | S7: =E7-L7 -> 86734394 | T7: =G7-N7 -> -294518 | U7: =H7-O7 -> 86439876 | V7: =IF(H7=0,0,(H7-O7)/H7) -> 0.25497797 | W7: =IF(V7>0.1,"✅ Byudjet ichida",IF(V7>-0.05,"⚠️ Chegarada","❌ Oshgan")) -> ✅ Byudjet ichida
A8: 4 | B8: ='Proekt vaqt va Risk'!B7 -> Chilonzor Turar-joy | C8: 12 | D8: 1500 | E8: =D8*'Xodimlar va Soat narxi'!N36*'Proekt vaqt va Risk'!C7 -> 3.9413226e+08 | F8: =E8/Settings!$B$4 -> 30671.771 | G8: 48767064 | H8: =E8+G8 -> 4.4289932e+08 | J8: =COUNTIF('Proekt vaqt va Risk'!D7:R7,">0") -> 13 | K8: ='Proekt vaqt va Risk'!S7 -> 624 | L8: ='Proekt vaqt va Risk'!T7 -> 1.6308707e+08 | M8: ='Proekt vaqt va Risk'!U7 -> 12691.601 | N8: =SUMPRODUCT(('Tushum va Harajatlar'!B3:B275="PRJ-004")*('Tushum va Harajatlar'!R3:R275="Outsourcing")*'Tushum va Harajatlar'!N3:N275) -> 70924194 | O8: =L8+N8 -> 2.3401127e+08 | Q8: =C8-J8 -> -1 | R8: =D8-K8 -> 876 | S8: =E8-L8 -> 2.3104519e+08 | T8: =G8-N8 -> -22157130 | U8: =H8-O8 -> 2.0888806e+08 | V8: =IF(H8=0,0,(H8-O8)/H8) -> 0.47163778 | W8: =IF(V8>0.1,"✅ Byudjet ichida",IF(V8>-0.05,"⚠️ Chegarada","❌ Oshgan")) -> ✅ Byudjet ichida
A9: 5 | B9: ='Proekt vaqt va Risk'!B8 -> Nukus Biznes Markazi | C9: 4 | D9: 800 | E9: =D9*'Xodimlar va Soat narxi'!N36*'Proekt vaqt va Risk'!C8 -> 1.9403434e+08 | F9: =E9/Settings!$B$4 -> 15099.949 | G9: 20077347 | H9: =E9+G9 -> 2.1411169e+08 | J9: =COUNTIF('Proekt vaqt va Risk'!D8:R8,">0") -> 11 | K9: ='Proekt vaqt va Risk'!S8 -> 568 | L9: ='Proekt vaqt va Risk'!T8 -> 1.41109e+08 | M9: ='Proekt vaqt va Risk'!U8 -> 10981.245 | N9: =SUMPRODUCT(('Tushum va Harajatlar'!B3:B275="PRJ-005")*('Tushum va Harajatlar'!R3:R275="Outsourcing")*'Tushum va Harajatlar'!N3:N275) -> 71355905 | O9: =L9+N9 -> 2.1246491e+08 | Q9: =C9-J9 -> -7 | R9: =D9-K9 -> 232 | S9: =E9-L9 -> 52925341 | T9: =G9-N9 -> -51278558 | U9: =H9-O9 -> 1646783.4 | V9: =IF(H9=0,0,(H9-O9)/H9) -> 0.0076912354 | W9: =IF(V9>0.1,"✅ Byudjet ichida",IF(V9>-0.05,"⚠️ Chegarada","❌ Oshgan")) -> ⚠️ Chegarada
A10: 6 | B10: ='Proekt vaqt va Risk'!B9 -> Fargona Shopping Mall | C10: 11 | D10: 600 | E10: =D10*'Xodimlar va Soat narxi'!N36*'Proekt vaqt va Risk'!C9 -> 1.3339861e+08 | F10: =E10/Settings!$B$4 -> 10381.215 | G10: 122781663 | H10: =E10+G10 -> 2.5618027e+08 | J10: =COUNTIF('Proekt vaqt va Risk'!D9:R9,">0") -> 14 | K10: ='Proekt vaqt va Risk'!S9 -> 640 | L10: ='Proekt vaqt va Risk'!T9 -> 1.4579485e+08 | M10: ='Proekt vaqt va Risk'!U9 -> 11345.903 | N10: =SUMPRODUCT(('Tushum va Harajatlar'!B3:B275="PRJ-006")*('Tushum va Harajatlar'!R3:R275="Outsourcing")*'Tushum va Harajatlar'!N3:N275) -> 164084955 | O10: =L10+N10 -> 3.0987981e+08 | Q10: =C10-J10 -> -3 | R10: =D10-K10 -> -40 | S10: =E10-L10 -> -12396241 | T10: =G10-N10 -> -41303292 | U10: =H10-O10 -> -53699533 | V10: =IF(H10=0,0,(H10-O10)/H10) -> -0.20961619 | W10: =IF(V10>0.1,"✅ Byudjet ichida",IF(V10>-0.05,"⚠️ Chegarada","❌ Oshgan")) -> ❌ Oshgan
A11: 7 | B11: ='Proekt vaqt va Risk'!B10 -> Toshkent Metro Stansiya | C11: 7 | D11: 1200 | E11: =D11*'Xodimlar va Soat narxi'!N36*'Proekt vaqt va Risk'!C10 -> 2.9105152e+08 | F11: =E11/Settings!$B$4 -> 22649.923 | G11: 224658901 | H11: =E11+G11 -> 5.1571042e+08 | J11: =COUNTIF('Proekt vaqt va Risk'!D10:R10,">0") -> 12 | K11: ='Proekt vaqt va Risk'!S10 -> 824 | L11: ='Proekt vaqt va Risk'!T10 -> 2.0515468e+08 | M11: ='Proekt vaqt va Risk'!U10 -> 15965.345 | N11: =SUMPRODUCT(('Tushum va Harajatlar'!B3:B275="PRJ-007")*('Tushum va Harajatlar'!R3:R275="Outsourcing")*'Tushum va Harajatlar'!N3:N275) -> 288380026 | O11: =L11+N11 -> 4.9353471e+08 | Q11: =C11-J11 -> -5 | R11: =D11-K11 -> 376 | S11: =E11-L11 -> 85896832 | T11: =G11-N11 -> -63721125 | U11: =H11-O11 -> 22175707 | V11: =IF(H11=0,0,(H11-O11)/H11) -> 0.043000309 | W11: =IF(V11>0.1,"✅ Byudjet ichida",IF(V11>-0.05,"⚠️ Chegarada","❌ Oshgan")) -> ⚠️ Chegarada
A12: 8 | B12: ='Proekt vaqt va Risk'!B11 -> Namangan Klinika | C12: 10 | D12: 600 | E12: =D12*'Xodimlar va Soat narxi'!N36*'Proekt vaqt va Risk'!C11 -> 1.2127146e+08 | F12: =E12/Settings!$B$4 -> 9437.4681 | G12: 45731898 | H12: =E12+G12 -> 1.6700336e+08 | J12: =COUNTIF('Proekt vaqt va Risk'!D11:R11,">0") -> 13 | K12: ='Proekt vaqt va Risk'!S11 -> 528 | L12: ='Proekt vaqt va Risk'!T11 -> 1.0921016e+08 | M12: ='Proekt vaqt va Risk'!U11 -> 8498.8453 | N12: =SUMPRODUCT(('Tushum va Harajatlar'!B3:B275="PRJ-008")*('Tushum va Harajatlar'!R3:R275="Outsourcing")*'Tushum va Harajatlar'!N3:N275) -> 18119028 | O12: =L12+N12 -> 1.2732919e+08 | Q12: =C12-J12 -> -3 | R12: =D12-K12 -> 72 | S12: =E12-L12 -> 12061303 | T12: =G12-N12 -> 27612870 | U12: =H12-O12 -> 39674173 | V12: =IF(H12=0,0,(H12-O12)/H12) -> 0.23756511 | W12: =IF(V12>0.1,"✅ Byudjet ichida",IF(V12>-0.05,"⚠️ Chegarada","❌ Oshgan")) -> ✅ Byudjet ichida
A13: 9 | B13: ='Proekt vaqt va Risk'!B12 -> Andijon Sport Majmuasi | C13: 5 | D13: 400 | E13: =D13*'Xodimlar va Soat narxi'!N36*'Proekt vaqt va Risk'!C12 -> 92974790 | F13: =E13/Settings!$B$4 -> 7235.3922 | G13: 50447406 | H13: =E13+G13 -> 1.434222e+08 | J13: =COUNTIF('Proekt vaqt va Risk'!D12:R12,">0") -> 13 | K13: ='Proekt vaqt va Risk'!S12 -> 928 | L13: ='Proekt vaqt va Risk'!T12 -> 2.3122223e+08 | M13: ='Proekt vaqt va Risk'!U12 -> 17993.948 | N13: =SUMPRODUCT(('Tushum va Harajatlar'!B3:B275="PRJ-009")*('Tushum va Harajatlar'!R3:R275="Outsourcing")*'Tushum va Harajatlar'!N3:N275) -> 36852341 | O13: =L13+N13 -> 2.6807457e+08 | Q13: =C13-J13 -> -8 | R13: =D13-K13 -> -528 | S13: =E13-L13 -> -1.3824744e+08 | T13: =G13-N13 -> 13595065 | U13: =H13-O13 -> -1.2465237e+08 | V13: =IF(H13=0,0,(H13-O13)/H13) -> -0.86912887 | W13: =IF(V13>0.1,"✅ Byudjet ichida",IF(V13>-0.05,"⚠️ Chegarada","❌ Oshgan")) -> ❌ Oshgan
A14: 10 | B14: ='Proekt vaqt va Risk'!B13 -> Toshkent Ofis Binosi | C14: 8 | D14: 1200 | E14: =D14*'Xodimlar va Soat narxi'!N36*'Proekt vaqt va Risk'!C13 -> 2.6679722e+08 | F14: =E14/Settings!$B$4 -> 20762.43 | G14: 69815824 | H14: =E14+G14 -> 3.3661305e+08 | J14: =COUNTIF('Proekt vaqt va Risk'!D13:R13,">0") -> 14 | K14: ='Proekt vaqt va Risk'!S13 -> 608 | L14: ='Proekt vaqt va Risk'!T13 -> 1.4343566e+08 | M14: ='Proekt vaqt va Risk'!U13 -> 11162.308 | N14: =SUMPRODUCT(('Tushum va Harajatlar'!B3:B275="PRJ-010")*('Tushum va Harajatlar'!R3:R275="Outsourcing")*'Tushum va Harajatlar'!N3:N275) -> 36848830 | O14: =L14+N14 -> 1.8028449e+08 | Q14: =C14-J14 -> -6 | R14: =D14-K14 -> 592 | S14: =E14-L14 -> 1.2336156e+08 | T14: =G14-N14 -> 32966994 | U14: =H14-O14 -> 1.5632856e+08 | V14: =IF(H14=0,0,(H14-O14)/H14) -> 0.46441622 | W14: =IF(V14>0.1,"✅ Byudjet ichida",IF(V14>-0.05,"⚠️ Chegarada","❌ Oshgan")) -> ✅ Byudjet ichida
A15: 11 | B15: ='Proekt vaqt va Risk'!B14 -> Jizzax Maktab Loyihasi | C15: 7 | D15: 600 | E15: =D15*'Xodimlar va Soat narxi'!N36*'Proekt vaqt va Risk'!C14 -> 1.3946218e+08 | F15: =E15/Settings!$B$4 -> 10853.088 | G15: 16012728 | H15: =E15+G15 -> 1.5547491e+08 | J15: =COUNTIF('Proekt vaqt va Risk'!D14:R14,">0") -> 13 | K15: ='Proekt vaqt va Risk'!S14 -> 848 | L15: ='Proekt vaqt va Risk'!T14 -> 2.0885161e+08 | M15: ='Proekt vaqt va Risk'!U14 -> 16253.043 | N15: =SUMPRODUCT(('Tushum va Harajatlar'!B3:B275="PRJ-011")*('Tushum va Harajatlar'!R3:R275="Outsourcing")*'Tushum va Harajatlar'!N3:N275) -> 32490129 | O15: =L15+N15 -> 2.4134174e+08 | Q15: =C15-J15 -> -6 | R15: =D15-K15 -> -248 | S15: =E15-L15 -> -69389424 | T15: =G15-N15 -> -16477401 | U15: =H15-O15 -> -85866825 | V15: =IF(H15=0,0,(H15-O15)/H15) -> -0.55228734 | W15: =IF(V15>0.1,"✅ Byudjet ichida",IF(V15>-0.05,"⚠️ Chegarada","❌ Oshgan")) -> ❌ Oshgan
A16: 12 | B16: ='Proekt vaqt va Risk'!B15 -> Qarshi Villa Majmuasi | C16: 7 | D16: 1500 | E16: =D16*'Xodimlar va Soat narxi'!N36*'Proekt vaqt va Risk'!C15 -> 3.0317866e+08 | F16: =E16/Settings!$B$4 -> 23593.67 | G16: 37103646 | H16: =E16+G16 -> 3.4028231e+08 | J16: =COUNTIF('Proekt vaqt va Risk'!D15:R15,">0") -> 13 | K16: ='Proekt vaqt va Risk'!S15 -> 792 | L16: ='Proekt vaqt va Risk'!T15 -> 1.7312933e+08 | M16: ='Proekt vaqt va Risk'!U15 -> 13473.1 | N16: =SUMPRODUCT(('Tushum va Harajatlar'!B3:B275="PRJ-012")*('Tushum va Harajatlar'!R3:R275="Outsourcing")*'Tushum va Harajatlar'!N3:N275) -> 53006816 | O16: =L16+N16 -> 2.2613615e+08 | Q16: =C16-J16 -> -6 | R16: =D16-K16 -> 708 | S16: =E16-L16 -> 1.3004933e+08 | T16: =G16-N16 -> -15903170 | U16: =H16-O16 -> 1.1414616e+08 | V16: =IF(H16=0,0,(H16-O16)/H16) -> 0.33544547 | W16: =IF(V16>0.1,"✅ Byudjet ichida",IF(V16>-0.05,"⚠️ Chegarada","❌ Oshgan")) -> ✅ Byudjet ichida
A17: 13 | B17: ='Proekt vaqt va Risk'!B16 -> Toshkent Restoran Dizayn | C17: 11 | D17: 1200 | E17: =D17*'Xodimlar va Soat narxi'!N36*'Proekt vaqt va Risk'!C16 -> 2.7892437e+08 | F17: =E17/Settings!$B$4 -> 21706.177 | G17: 21676697 | H17: =E17+G17 -> 3.0060107e+08 | J17: =COUNTIF('Proekt vaqt va Risk'!D16:R16,">0") -> 14 | K17: ='Proekt vaqt va Risk'!S16 -> 704 | L17: ='Proekt vaqt va Risk'!T16 -> 1.7368893e+08 | M17: ='Proekt vaqt va Risk'!U16 -> 13516.648 | N17: =SUMPRODUCT(('Tushum va Harajatlar'!B3:B275="PRJ-013")*('Tushum va Harajatlar'!R3:R275="Outsourcing")*'Tushum va Harajatlar'!N3:N275) -> 14118384 | O17: =L17+N17 -> 1.8780731e+08 | Q17: =C17-J17 -> -3 | R17: =D17-K17 -> 496 | S17: =E17-L17 -> 1.0523544e+08 | T17: =G17-N17 -> 7558313 | U17: =H17-O17 -> 1.1279375e+08 | V17: =IF(H17=0,0,(H17-O17)/H17) -> 0.37522739 | W17: =IF(V17>0.1,"✅ Byudjet ichida",IF(V17>-0.05,"⚠️ Chegarada","❌ Oshgan")) -> ✅ Byudjet ichida
A18: 14 | B18: ='Proekt vaqt va Risk'!B17 -> Xiva Turizm Markazi | C18: 5 | D18: 400 | E18: =D18*'Xodimlar va Soat narxi'!N36*'Proekt vaqt va Risk'!C17 -> 97017172 | F18: =E18/Settings!$B$4 -> 7549.9745 | G18: 80369211 | H18: =E18+G18 -> 1.7738638e+08 | J18: =COUNTIF('Proekt vaqt va Risk'!D17:R17,">0") -> 12 | K18: ='Proekt vaqt va Risk'!S17 -> 804 | L18: ='Proekt vaqt va Risk'!T17 -> 2.0887673e+08 | M18: ='Proekt vaqt va Risk'!U17 -> 16254.999 | N18: =SUMPRODUCT(('Tushum va Harajatlar'!B3:B275="PRJ-014")*('Tushum va Harajatlar'!R3:R275="Outsourcing")*'Tushum va Harajatlar'!N3:N275) -> 20055639 | O18: =L18+N18 -> 2.2893237e+08 | Q18: =C18-J18 -> -7 | R18: =D18-K18 -> -404 | S18: =E18-L18 -> -1.1185956e+08 | T18: =G18-N18 -> 60313572 | U18: =H18-O18 -> -51545990 | V18: =IF(H18=0,0,(H18-O18)/H18) -> -0.29058594 | W18: =IF(V18>0.1,"✅ Byudjet ichida",IF(V18>-0.05,"⚠️ Chegarada","❌ Oshgan")) -> ❌ Oshgan
A19: 15 | B19: ='Proekt vaqt va Risk'!B18 -> Toshkent Coworking | C19: 7 | D19: 1500 | E19: =D19*'Xodimlar va Soat narxi'!N36*'Proekt vaqt va Risk'!C18 -> 3.0317866e+08 | F19: =E19/Settings!$B$4 -> 23593.67 | G19: 20721903 | H19: =E19+G19 -> 3.2390056e+08 | J19: =COUNTIF('Proekt vaqt va Risk'!D18:R18,">0") -> 14 | K19: ='Proekt vaqt va Risk'!S18 -> 768 | L19: ='Proekt vaqt va Risk'!T18 -> 1.6665238e+08 | M19: ='Proekt vaqt va Risk'!U18 -> 12969.057 | N19: =SUMPRODUCT(('Tushum va Harajatlar'!B3:B275="PRJ-015")*('Tushum va Harajatlar'!R3:R275="Outsourcing")*'Tushum va Harajatlar'!N3:N275) -> 46817059 | O19: =L19+N19 -> 2.1346944e+08 | Q19: =C19-J19 -> -7 | R19: =D19-K19 -> 732 | S19: =E19-L19 -> 1.3652628e+08 | T19: =G19-N19 -> -26095156 | U19: =H19-O19 -> 1.1043112e+08 | V19: =IF(H19=0,0,(H19-O19)/H19) -> 0.34094143 | W19: =IF(V19>0.1,"✅ Byudjet ichida",IF(V19>-0.05,"⚠️ Chegarada","❌ Oshgan")) -> ✅ Byudjet ichida
A20: 16 | B20: ='Proekt vaqt va Risk'!B19 -> Sirdaryo Zavod Binosi | C20: 5 | D20: 400 | E20: =D20*'Xodimlar va Soat narxi'!N36*'Proekt vaqt va Risk'!C19 -> 1.0510194e+08 | F20: =E20/Settings!$B$4 -> 8179.139 | G20: 96920037 | H20: =E20+G20 -> 2.0202197e+08 | J20: =COUNTIF('Proekt vaqt va Risk'!D19:R19,">0") -> 12 | K20: ='Proekt vaqt va Risk'!S19 -> 696 | L20: ='Proekt vaqt va Risk'!T19 -> 1.9406245e+08 | M20: ='Proekt vaqt va Risk'!U19 -> 15102.136 | N20: =SUMPRODUCT(('Tushum va Harajatlar'!B3:B275="PRJ-016")*('Tushum va Harajatlar'!R3:R275="Outsourcing")*'Tushum va Harajatlar'!N3:N275) -> 38934018 | O20: =L20+N20 -> 2.3299647e+08 | Q20: =C20-J20 -> -7 | R20: =D20-K20 -> -296 | S20: =E20-L20 -> -88960514 | T20: =G20-N20 -> 57986019 | U20: =H20-O20 -> -30974495 | V20: =IF(H20=0,0,(H20-O20)/H20) -> -0.15332241 | W20: =IF(V20>0.1,"✅ Byudjet ichida",IF(V20>-0.05,"⚠️ Chegarada","❌ Oshgan")) -> ❌ Oshgan
A21: 17 | B21: ='Proekt vaqt va Risk'!B20 -> Navoiy Aeroport Dizayn | C21: 5 | D21: 1200 | E21: =D21*'Xodimlar va Soat narxi'!N36*'Proekt vaqt va Risk'!C20 -> 3.1530581e+08 | F21: =E21/Settings!$B$4 -> 24537.417 | G21: 162057036 | H21: =E21+G21 -> 4.7736284e+08 | J21: =COUNTIF('Proekt vaqt va Risk'!D20:R20,">0") -> 15 | K21: ='Proekt vaqt va Risk'!S20 -> 620 | L21: ='Proekt vaqt va Risk'!T20 -> 1.6376896e+08 | M21: ='Proekt vaqt va Risk'!U20 -> 12744.666 | N21: =SUMPRODUCT(('Tushum va Harajatlar'!B3:B275="PRJ-017")*('Tushum va Harajatlar'!R3:R275="Outsourcing")*'Tushum va Harajatlar'!N3:N275) -> 161862732 | O21: =L21+N21 -> 3.2563169e+08 | Q21: =C21-J21 -> -10 | R21: =D21-K21 -> 580 | S21: =E21-L21 -> 1.5153685e+08 | T21: =G21-N21 -> 194304 | U21: =H21-O21 -> 1.5173116e+08 | V21: =IF(H21=0,0,(H21-O21)/H21) -> 0.31785288 | W21: =IF(V21>0.1,"✅ Byudjet ichida",IF(V21>-0.05,"⚠️ Chegarada","❌ Oshgan")) -> ✅ Byudjet ichida
A22: 18 | B22: ='Proekt vaqt va Risk'!B21 -> Toshkent IT Park 2 | C22: 8 | D22: 1000 | E22: =D22*'Xodimlar va Soat narxi'!N36*'Proekt vaqt va Risk'!C21 -> 2.4254293e+08 | F22: =E22/Settings!$B$4 -> 18874.936 | G22: 84530184 | H22: =E22+G22 -> 3.2707311e+08 | J22: =COUNTIF('Proekt vaqt va Risk'!D21:R21,">0") -> 13 | K22: ='Proekt vaqt va Risk'!S21 -> 712 | L22: ='Proekt vaqt va Risk'!T21 -> 1.8104704e+08 | M22: ='Proekt vaqt va Risk'!U21 -> 14089.264 | N22: =SUMPRODUCT(('Tushum va Harajatlar'!B3:B275="PRJ-018")*('Tushum va Harajatlar'!R3:R275="Outsourcing")*'Tushum va Harajatlar'!N3:N275) -> 53600553 | O22: =L22+N22 -> 2.3464759e+08 | Q22: =C22-J22 -> -5 | R22: =D22-K22 -> 288 | S22: =E22-L22 -> 61495891 | T22: =G22-N22 -> 30929631 | U22: =H22-O22 -> 92425522 | V22: =IF(H22=0,0,(H22-O22)/H22) -> 0.28258367 | W22: =IF(V22>0.1,"✅ Byudjet ichida",IF(V22>-0.05,"⚠️ Chegarada","❌ Oshgan")) -> ✅ Byudjet ichida
A23: 19 | B23: ='Proekt vaqt va Risk'!B22 -> Fergana Textile HQ | C23: 12 | D23: 400 | E23: =D23*'Xodimlar va Soat narxi'!N36*'Proekt vaqt va Risk'!C22 -> 1.0510194e+08 | F23: =E23/Settings!$B$4 -> 8179.139 | G23: 42570672 | H23: =E23+G23 -> 1.4767261e+08 | J23: =COUNTIF('Proekt vaqt va Risk'!D22:R22,">0") -> 15 | K23: ='Proekt vaqt va Risk'!S22 -> 776 | L23: ='Proekt vaqt va Risk'!T22 -> 2.0993543e+08 | M23: ='Proekt vaqt va Risk'!U22 -> 16337.387 | N23: =SUMPRODUCT(('Tushum va Harajatlar'!B3:B275="PRJ-019")*('Tushum va Harajatlar'!R3:R275="Outsourcing")*'Tushum va Harajatlar'!N3:N275) -> 77038387 | O23: =L23+N23 -> 2.8697382e+08 | Q23: =C23-J23 -> -3 | R23: =D23-K23 -> -376 | S23: =E23-L23 -> -1.0483349e+08 | T23: =G23-N23 -> -34467715 | U23: =H23-O23 -> -1.3930121e+08 | V23: =IF(H23=0,0,(H23-O23)/H23) -> -0.94331108 | W23: =IF(V23>0.1,"✅ Byudjet ichida",IF(V23>-0.05,"⚠️ Chegarada","❌ Oshgan")) -> ❌ Oshgan
A24: 20 | B24: ='Proekt vaqt va Risk'!B23 -> Toshkent Luxury Villa | C24: 12 | D24: 400 | E24: =D24*'Xodimlar va Soat narxi'!N36*'Proekt vaqt va Risk'!C23 -> 1.0510194e+08 | F24: =E24/Settings!$B$4 -> 8179.139 | G24: 42501998 | H24: =E24+G24 -> 1.4760393e+08 | J24: =COUNTIF('Proekt vaqt va Risk'!D23:R23,">0") -> 14 | K24: ='Proekt vaqt va Risk'!S23 -> 788 | L24: ='Proekt vaqt va Risk'!T23 -> 2.1732365e+08 | M24: ='Proekt vaqt va Risk'!U23 -> 16912.346 | N24: =SUMPRODUCT(('Tushum va Harajatlar'!B3:B275="PRJ-020")*('Tushum va Harajatlar'!R3:R275="Outsourcing")*'Tushum va Harajatlar'!N3:N275) -> 59155017 | O24: =L24+N24 -> 2.7647867e+08 | Q24: =C24-J24 -> -2 | R24: =D24-K24 -> -388 | S24: =E24-L24 -> -1.1222171e+08 | T24: =G24-N24 -> -16653019 | U24: =H24-O24 -> -1.2887473e+08 | V24: =IF(H24=0,0,(H24-O24)/H24) -> -0.87311178 | W24: =IF(V24>0.1,"✅ Byudjet ichida",IF(V24>-0.05,"⚠️ Chegarada","❌ Oshgan")) -> ❌ Oshgan
B25: JAMI | C25: =SUM(C5:C24) -> 163 | D25: =SUM(D5:D24) -> 17300 | E25: =SUM(E5:E24) -> 4.0504669e+09 | F25: =SUM(F5:F24) -> 315211.43 | G25: =SUM(G5:G24) -> 1389052616 | H25: =SUM(H5:H24) -> 5.4395195e+09 | J25: =SUM(J5:J24) -> 265 | K25: =SUM(K5:K24) -> 14608 | L25: =SUM(L5:L24) -> 3.6116276e+09 | M25: =SUM(M5:M24) -> 281060.52 | N25: =SUM(N5:N24) -> 1530553499 | O25: =SUM(O5:O24) -> 5.1421811e+09 | Q25: =SUM(Q5:Q24) -> -102 | R25: =SUM(R5:R24) -> 2692 | S25: =SUM(S5:S24) -> 4.3883929e+08 | T25: =SUM(T5:T24) -> -141500883 | U25: =SUM(U5:U24) -> 2.9733841e+08 | V25: =IF(H25=0,0,(H25-O25)/H25) -> 0.054662624 | W25: =IF(V25>0.1,"✅ Umumiy ichida",IF(V25>-0.05,"⚠️ Chegarada","❌ Oshgan")) -> ⚠️ Chegarada
A27: XULOSA
B28: Plan MIZAN xarajati (UZS): | G28: =E25 -> 4.0504669e+09
B29: Plan outsourcing (UZS): | G29: =G25 -> 1389052616
B30: Plan JAMI byudjet (UZS): | G30: =H25 -> 5.4395195e+09
B31: Fakt MIZAN xarajati (UZS): | G31: =L25 -> 3.6116276e+09
B32: Fakt outsourcing (UZS): | G32: =N25 -> 1530553499
B33: Fakt JAMI xarajat (UZS): | G33: =O25 -> 5.1421811e+09
B34: Tejaldi / Ortiqcha (UZS): | G34: =U25 -> 2.9733841e+08
B35: Tejaldi / Ortiqcha (%): | G35: =V25 -> 0.054662624
B36: Byudjet ichida proektlar: | G36: =COUNTIF(V5:V24,">0") -> 11
B37: Byudjetdan oshgan proektlar: | G37: =COUNTIF(V5:V24,"<0") -> 9
B40: IZOHLAR:
B41: 📋 PLAN ustunlari (ko'k) — qo'lda kiritiladi: ishchilar soni, soatlar, outsourcing byudjeti
B42: 📊 FAKT ustunlari (yashil) — avtomatik: MIZAN='Proekt vaqt va Risk', Outsourcing='Tushum va Harajatlar'
B43: ⚖️ FARQ = Plan minus Fakt | Musbat = tejaldi, Manfiy = oshdi
B44: Plan jami = MIZAN xarajati + Outsourcing byudjeti
B45: ✅ >10% tejaldi | ⚠️ ±5% chegarada | ❌ >5% oshgan
B48: 💲 DOLLAR EKVIVALENTI (USD)
B49: Plan MIZAN (USD): | G49: =F25 -> 315211.43
B50: Plan outsourcing (USD): | G50: =G25/Settings!$B$4 -> 108097.48
B51: Plan JAMI (USD): | G51: =H25/Settings!$B$4 -> 423308.91
B52: Fakt MIZAN (USD): | G52: =K25 -> 14608
B53: Fakt outsourcing (USD): | G53: =N25/Settings!$B$4 -> 119109.22
B54: Fakt JAMI (USD): | G54: =O25/Settings!$B$4 -> 400169.74
B55: Tejaldi / Ortiqcha (USD): | G55: =U25/Settings!$B$4 -> 23139.176

Sheet Dashboard
B1: MOLIYAVIY BOSHQARUV PANELI
B3: DAVR FILTRI: | D3: Boshlanish | E3: 44743 | F3: Tugash | G3: 46081
B5: UMUMIY KO'RSATKICHLAR
B6: Ko'rsatkich | C6: UZS | E6: 💲 USD
B7: Jami tushum (UZS) | C7: =SUMPRODUCT(('Tushum va Harajatlar'!C3:C275>=E3)*('Tushum va Harajatlar'!C3:C275<=G3)*('Tushum va Harajatlar'!E3:E275<>"")*'Tushum va Harajatlar'!N3:N275) -> 12834000000 | E7: =C7/Settings!$B$4 -> 998754.86
B8: Jami harajat - proekt (UZS) | C8: =SUMPRODUCT(('Tushum va Harajatlar'!C3:C275>=E3)*('Tushum va Harajatlar'!C3:C275<=G3)*('Tushum va Harajatlar'!F3:F275<>"")*'Tushum va Harajatlar'!N3:N275) -> 5.2036333e+09 | E8: =C8/Settings!$B$4 -> 404952.01
B9: MIZAN tushum (UZS) | C9: =SUMPRODUCT((MIZAN!C3:C284>=E3)*(MIZAN!C3:C284<=G3)*(MIZAN!D3:D284<>"")*MIZAN!J3:J284) -> 2574259449 | E9: =C9/Settings!$B$4 -> 200331.47
B10: MIZAN harajat (UZS) | C10: =SUMPRODUCT((MIZAN!C3:C284>=E3)*(MIZAN!C3:C284<=G3)*(MIZAN!E3:E284<>"")*MIZAN!J3:J284) -> 21564434769 | E10: =C10/Settings!$B$4 -> 1678166.1
B11: MIZAN soff foyda | C11: =C9-C10 -> -18990175320 | E11: =C11/Settings!$B$4 -> -1477834.7
B12: Umumiy soff foyda | C12: =C7-C8-C10 -> -1.3934068e+10 | E12: =C12/Settings!$B$4 -> -1084363.3
B13: Rentabellik (%) | C13: =IF(C7=0,0,C12/C7) -> -1.0857151 | E13: =C13 -> -1.0857151
B16: BO'LIMLAR KESIMIDA KO'RSATKICHLAR
B17: Bo'lim | C17: Xodimlar soni | D17: O'rt. soat narxi | E17: Jami soatlar | F17: Jami qiymat (UZS) | G17: Jami (USD) | H17: Ulush (%)
B18: 🏗️ Master Planning | C18: 2 | D18: =AVERAGE('Xodimlar va Soat narxi'!N5,'Xodimlar va Soat narxi'!N6) -> 229948.65 | E18: =SUM('Proekt vaqt va Risk'!D4:D23)+SUM('Proekt vaqt va Risk'!E4:E23) -> 3232 | F18: =D18*E18 -> 7.4319405e+08 | G18: =F18/Settings!$B$4 -> 57836.113 | H18: =IF(F25=0,0,F18/F25) -> 0.24157984
B19: 📐 Arxitektura | C19: 4 | D19: =AVERAGE('Xodimlar va Soat narxi'!N8,'Xodimlar va Soat narxi'!N9,'Xodimlar va Soat narxi'!N10,'Xodimlar va Soat narxi'!N11) -> 218499.79 | E19: =SUM('Proekt vaqt va Risk'!F4:F23)+SUM('Proekt vaqt va Risk'!G4:G23)+SUM('Proekt vaqt va Risk'!H4:H23)+SUM('Proekt vaqt va Risk'!I4:I23) -> 6184 | F19: =D19*E19 -> 1.3512027e+09 | G19: =F19/Settings!$B$4 -> 105151.96 | H19: =IF(F25=0,0,F19/F25) -> 0.43921682
B20: 🎨 3D Vizualizatsiya | C20: 2 | D20: =AVERAGE('Xodimlar va Soat narxi'!N13,'Xodimlar va Soat narxi'!N14) -> 191198.65 | E20: =SUM('Proekt vaqt va Risk'!J4:J23)+SUM('Proekt vaqt va Risk'!K4:K23) -> 1300 | F20: =D20*E20 -> 2.4855825e+08 | G20: =F20/Settings!$B$4 -> 19343.054 | H20: =IF(F25=0,0,F20/F25) -> 0.080795401
B21: 🛋️ Interior Design | C21: 2 | D21: =AVERAGE('Xodimlar va Soat narxi'!N16,'Xodimlar va Soat narxi'!N17) -> 182391.84 | E21: =SUM('Proekt vaqt va Risk'!L4:L23)+SUM('Proekt vaqt va Risk'!M4:M23) -> 1856 | F21: =D21*E21 -> 3.3851925e+08 | G21: =F21/Settings!$B$4 -> 26343.91 | H21: =IF(F25=0,0,F21/F25) -> 0.11003778
B22: 🖼️ Graphic Design | C22: 2 | D22: =AVERAGE('Xodimlar va Soat narxi'!N19,'Xodimlar va Soat narxi'!N20) -> 170062.29 | E22: =SUM('Proekt vaqt va Risk'!N4:N23)+SUM('Proekt vaqt va Risk'!O4:O23) -> 600 | F22: =D22*E22 -> 1.0203737e+08 | G22: =F22/Settings!$B$4 -> 7940.6517 | H22: =IF(F25=0,0,F22/F25) -> 0.033167881
B23: 💰 Smeta | C23: 1 | D23: =AVERAGE('Xodimlar va Soat narxi'!N22) -> 192960.02 | E23: =SUM('Proekt vaqt va Risk'!P4:P23) -> 440 | F23: =D23*E23 -> 84902407 | G23: =F23/Settings!$B$4 -> 6607.1912 | H23: =IF(F25=0,0,F23/F25) -> 0.027598054
B24: 🔧 Konstruktor | C24: 2 | D24: =AVERAGE('Xodimlar va Soat narxi'!N24,'Xodimlar va Soat narxi'!N25) -> 208812.29 | E24: =SUM('Proekt vaqt va Risk'!Q4:Q23)+SUM('Proekt vaqt va Risk'!R4:R23) -> 996 | F24: =D24*E24 -> 2.0797704e+08 | G24: =F24/Settings!$B$4 -> 16184.984 | H24: =IF(F25=0,0,F24/F25) -> 0.067604227
B25: JAMI | C25: =SUM(C18:C24) -> 15 | D25: =AVERAGE(D18:D24) -> 199124.79 | E25: =SUM(E18:E24) -> 14608 | F25: =SUM(F18:F24) -> 3.0763911e+09 | G25: =F25/Settings!$B$4 -> 239407.86
B27: TOP 5 ENG FOYDALI PROEKTLAR
B28: No | C28: Proekt | D28: Shartnoma (UZS) | E28: Tushum (UZS) | F28: MIZAN xarajat | G28: Foyda | H28: Foyda (USD)
B29: 1 | C29: Toshkent Metro Stansiya | D29: 1500000000 | E29: 1500000000 | F29: 337014955 | G29: =E29-F29 -> 1162985045 | H29: =G29/Settings!$B$4 -> 90504.673
B30: 2 | C30: Samarqand Hotel | D30: 1200000000 | E30: 1200000000 | F30: 232076576 | G30: =E30-F30 -> 967923424 | H30: =G30/Settings!$B$4 -> 75324.78
B31: 3 | C31: Navoiy Aeroport Dizayn | D31: 1100000000 | E31: 1100000000 | F31: 175828743 | G31: =E31-F31 -> 924171257 | H31: =G31/Settings!$B$4 -> 71919.942
B32: 4 | C32: Fargona Shopping Mall | D32: 950000000 | E32: 950000000 | F32: 202706043 | G32: =E32-F32 -> 747293957 | H32: =G32/Settings!$B$4 -> 58155.172
B33: 5 | C33: Sirdaryo Zavod Binosi | D33: 900000000 | E33: 900000000 | F33: 213532130 | G33: =E33-F33 -> 686467870 | H33: =G33/Settings!$B$4 -> 53421.624

Sheet Xodimlar KPI
B1: XODIMLAR KPI DASHBOARD
B3: No | C3: F.I.Sh. | D3: Lavozimi | E3: Bo'lim | F3: Proektlar soni | G3: Jami soatlar | H3: O'rtacha soat/proekt | I3: 1 soat narxi | J3: Umumiy qiymat | K3: Samaradorlik (%) | L3: Reyting | M3: Bo'lim KPI mezoni | N3: 1 soat (USD) | O3: Qiymat (USD)
B4: 🏗️ MASTER PLANNING
B5: 1 | C5: Rahimov Jasur | D5: Bo'lim boshlig'i | E5: Master Planning | F5: =COUNTIF('Proekt vaqt va Risk'!D4:D23,">0") -> 20 | G5: =SUM('Proekt vaqt va Risk'!D4:D23) -> 1684 | H5: =IF(F5=0,0,G5/F5) -> 84.2 | I5: ='Xodimlar va Soat narxi'!N5 -> 245800.93 | J5: =G5*I5 -> 4.1392876e+08 | K5: =IF(Settings!$B$8*42=0,0,G5/(Settings!$B$8*42)) -> 0.22781385 | L5: =IF(K5>=0.8,"★★★★★",IF(K5>=0.6,"★★★★",IF(K5>=0.4,"★★★",IF(K5>=0.2,"★★","★")))) -> ★★ | M5: Tahlil sifati, landshaft loyiha topshirish muddati | N5: =I5/Settings!$B$4 -> 19.128477 | O5: =J5/Settings!$B$4 -> 32212.355
B6: 2 | C6: Azimov Bobur | D6: Master planner | E6: Master Planning | F6: =COUNTIF('Proekt vaqt va Risk'!E4:E23,">0") -> 20 | G6: =SUM('Proekt vaqt va Risk'!E4:E23) -> 1548 | H6: =IF(F6=0,0,G6/F6) -> 77.4 | I6: ='Xodimlar va Soat narxi'!N6 -> 214096.38 | J6: =G6*I6 -> 3.314212e+08 | K6: =IF(Settings!$B$8*42=0,0,G6/(Settings!$B$8*42)) -> 0.20941558 | L6: =IF(K6>=0.8,"★★★★★",IF(K6>=0.6,"★★★★",IF(K6>=0.4,"★★★",IF(K6>=0.2,"★★","★")))) -> ★★ | M6: Tahlil sifati, landshaft loyiha topshirish muddati | N6: =I6/Settings!$B$4 -> 16.661197 | O6: =J6/Settings!$B$4 -> 25791.533
B7: 📐 ARXITEKTURA
B8: 3 | C8: Aliyev Sardor | D8: Bosh arxitektor | E8: Arxitektura | F8: =COUNTIF('Proekt vaqt va Risk'!F4:F23,">0") -> 20 | G8: =SUM('Proekt vaqt va Risk'!F4:F23) -> 1524 | H8: =IF(F8=0,0,G8/F8) -> 76.2 | I8: ='Xodimlar va Soat narxi'!N8 -> 273982.74 | J8: =G8*I8 -> 4.175497e+08 | K8: =IF(Settings!$B$8*42=0,0,G8/(Settings!$B$8*42)) -> 0.20616883 | L8: =IF(K8>=0.8,"★★★★★",IF(K8>=0.6,"★★★★",IF(K8>=0.4,"★★★",IF(K8>=0.2,"★★","★")))) -> ★★ | M8: Chizmalar soni va sifati, mualliflik nazorat samaradorligi | N8: =I8/Settings!$B$4 -> 21.321614 | O8: =J8/Settings!$B$4 -> 32494.14
B9: 4 | C9: Karimov Davron | D9: Katta arxitektor | E9: Arxitektura | F9: =COUNTIF('Proekt vaqt va Risk'!G4:G23,">0") -> 20 | G9: =SUM('Proekt vaqt va Risk'!G4:G23) -> 1740 | H9: =IF(F9=0,0,G9/F9) -> 87 | I9: ='Xodimlar va Soat narxi'!N9 -> 231710.02 | J9: =G9*I9 -> 4.0317543e+08 | K9: =IF(Settings!$B$8*42=0,0,G9/(Settings!$B$8*42)) -> 0.23538961 | L9: =IF(K9>=0.8,"★★★★★",IF(K9>=0.6,"★★★★",IF(K9>=0.4,"★★★",IF(K9>=0.2,"★★","★")))) -> ★★ | M9: Chizmalar soni va sifati, mualliflik nazorat samaradorligi | N9: =I9/Settings!$B$4 -> 18.031908 | O9: =J9/Settings!$B$4 -> 31375.52
B10: 5 | C10: Toshmatov Bekzod | D10: Arxitektor | E10: Arxitektura | F10: =COUNTIF('Proekt vaqt va Risk'!H4:H23,">0") -> 20 | G10: =SUM('Proekt vaqt va Risk'!H4:H23) -> 1496 | H10: =IF(F10=0,0,G10/F10) -> 74.8 | I10: ='Xodimlar va Soat narxi'!N10 -> 189437.29 | J10: =G10*I10 -> 2.8339819e+08 | K10: =IF(Settings!$B$8*42=0,0,G10/(Settings!$B$8*42)) -> 0.20238095 | L10: =IF(K10>=0.8,"★★★★★",IF(K10>=0.6,"★★★★",IF(K10>=0.4,"★★★",IF(K10>=0.2,"★★","★")))) -> ★★ | M10: Chizmalar soni va sifati, mualliflik nazorat samaradorligi | N10: =I10/Settings!$B$4 -> 14.742202 | O10: =J10/Settings!$B$4 -> 22054.333
B11: 6 | C11: Ismoilov Farhod | D11: Arxitektor | E11: Arxitektura | F11: =COUNTIF('Proekt vaqt va Risk'!I4:I23,">0") -> 20 | G11: =SUM('Proekt vaqt va Risk'!I4:I23) -> 1424 | H11: =IF(F11=0,0,G11/F11) -> 71.2 | I11: ='Xodimlar va Soat narxi'!N11 -> 178869.11 | J11: =G11*I11 -> 2.5470961e+08 | K11: =IF(Settings!$B$8*42=0,0,G11/(Settings!$B$8*42)) -> 0.19264069 | L11: =IF(K11>=0.8,"★★★★★",IF(K11>=0.6,"★★★★",IF(K11>=0.4,"★★★",IF(K11>=0.2,"★★","★")))) -> ★ | M11: Chizmalar soni va sifati, mualliflik nazorat samaradorligi | N11: =I11/Settings!$B$4 -> 13.919775 | O11: =J11/Settings!$B$4 -> 19821.759
B12: 🎨 3D VIZUALIZATSIYA
B13: 7 | C13: Abdullayev Otabek | D13: 3D Lead | E13: 3D Vizualizatsiya | F13: =COUNTIF('Proekt vaqt va Risk'!J4:J23,">0") -> 14 | G13: =SUM('Proekt vaqt va Risk'!J4:J23) -> 648 | H13: =IF(F13=0,0,G13/F13) -> 46.285714 | I13: ='Xodimlar va Soat narxi'!N13 -> 196482.74 | J13: =G13*I13 -> 1.2732082e+08 | K13: =IF(Settings!$B$8*42=0,0,G13/(Settings!$B$8*42)) -> 0.087662338 | L13: =IF(K13>=0.8,"★★★★★",IF(K13>=0.6,"★★★★",IF(K13>=0.4,"★★★",IF(K13>=0.2,"★★","★")))) -> ★ | M13: Renderlar soni, sifati va tezligi | N13: =I13/Settings!$B$4 -> 15.290486 | O13: =J13/Settings!$B$4 -> 9908.2349
B14: 8 | C14: Qosimova Nodira | D14: 3D Artist | E14: 3D Vizualizatsiya | F14: =COUNTIF('Proekt vaqt va Risk'!K4:K23,">0") -> 17 | G14: =SUM('Proekt vaqt va Risk'!K4:K23) -> 652 | H14: =IF(F14=0,0,G14/F14) -> 38.352941 | I14: ='Xodimlar va Soat narxi'!N14 -> 185914.56 | J14: =G14*I14 -> 1.2121629e+08 | K14: =IF(Settings!$B$8*42=0,0,G14/(Settings!$B$8*42)) -> 0.088203463 | L14: =IF(K14>=0.8,"★★★★★",IF(K14>=0.6,"★★★★",IF(K14>=0.4,"★★★",IF(K14>=0.2,"★★","★")))) -> ★ | M14: Renderlar soni, sifati va tezligi | N14: =I14/Settings!$B$4 -> 14.468059 | O14: =J14/Settings!$B$4 -> 9433.1747
B15: 🛋️ INTERIOR DESIGN
B16: 9 | C16: Nurmatova Dilnoza | D16: Interior boshlig'i | E16: Interior Design | F16: =COUNTIF('Proekt vaqt va Risk'!L4:L23,">0") -> 19 | G16: =SUM('Proekt vaqt va Risk'!L4:L23) -> 1044 | H16: =IF(F16=0,0,G16/F16) -> 54.947368 | I16: ='Xodimlar va Soat narxi'!N16 -> 196482.74 | J16: =G16*I16 -> 2.0512798e+08 | K16: =IF(Settings!$B$8*42=0,0,G16/(Settings!$B$8*42)) -> 0.14123377 | L16: =IF(K16>=0.8,"★★★★★",IF(K16>=0.6,"★★★★",IF(K16>=0.4,"★★★",IF(K16>=0.2,"★★","★")))) -> ★ | M16: Dizayn yechimlari, material tanlash samaradorligi | N16: =I16/Settings!$B$4 -> 15.290486 | O16: =J16/Settings!$B$4 -> 15963.267
B17: 10 | C17: Ergasheva Shahlo | D17: Interior dizayner | E17: Interior Design | F17: =COUNTIF('Proekt vaqt va Risk'!M4:M23,">0") -> 17 | G17: =SUM('Proekt vaqt va Risk'!M4:M23) -> 812 | H17: =IF(F17=0,0,G17/F17) -> 47.764706 | I17: ='Xodimlar va Soat narxi'!N17 -> 168300.93 | J17: =G17*I17 -> 1.3666035e+08 | K17: =IF(Settings!$B$8*42=0,0,G17/(Settings!$B$8*42)) -> 0.10984848 | L17: =IF(K17>=0.8,"★★★★★",IF(K17>=0.6,"★★★★",IF(K17>=0.4,"★★★",IF(K17>=0.2,"★★","★")))) -> ★ | M17: Dizayn yechimlari, material tanlash samaradorligi | N17: =I17/Settings!$B$4 -> 13.097348 | O17: =J17/Settings!$B$4 -> 10635.047
B18: 🖼️ GRAPHIC DESIGN
B19: 11 | C19: Mirzayeva Gulnora | D19: Graphic Lead | E19: Graphic Design | F19: =COUNTIF('Proekt vaqt va Risk'!N4:N23,">0") -> 15 | G19: =SUM('Proekt vaqt va Risk'!N4:N23) -> 336 | H19: =IF(F19=0,0,G19/F19) -> 22.4 | I19: ='Xodimlar va Soat narxi'!N19 -> 178869.11 | J19: =G19*I19 -> 60100020 | K19: =IF(Settings!$B$8*42=0,0,G19/(Settings!$B$8*42)) -> 0.045454545 | L19: =IF(K19>=0.8,"★★★★★",IF(K19>=0.6,"★★★★",IF(K19>=0.4,"★★★",IF(K19>=0.2,"★★","★")))) -> ★ | M19: Album, brandbook sifati va ijod darajasi | N19: =I19/Settings!$B$4 -> 13.919775 | O19: =J19/Settings!$B$4 -> 4677.0444
B20: 12 | C20: Xudoyberdiyev Jasur | D20: Graphic dizayner | E20: Graphic Design | F20: =COUNTIF('Proekt vaqt va Risk'!O4:O23,">0") -> 12 | G20: =SUM('Proekt vaqt va Risk'!O4:O23) -> 264 | H20: =IF(F20=0,0,G20/F20) -> 22 | I20: ='Xodimlar va Soat narxi'!N20 -> 161255.47 | J20: =G20*I20 -> 42571444 | K20: =IF(Settings!$B$8*42=0,0,G20/(Settings!$B$8*42)) -> 0.035714286 | L20: =IF(K20>=0.8,"★★★★★",IF(K20>=0.6,"★★★★",IF(K20>=0.4,"★★★",IF(K20>=0.2,"★★","★")))) -> ★ | M20: Album, brandbook sifati va ijod darajasi | N20: =I20/Settings!$B$4 -> 12.549064 | O20: =J20/Settings!$B$4 -> 3312.9529
B21: 💰 SMETA
B22: 13 | C22: Hasanov Timur | D22: Smetachi | E22: Smeta | F22: =COUNTIF('Proekt vaqt va Risk'!P4:P23,">0") -> 17 | G22: =SUM('Proekt vaqt va Risk'!P4:P23) -> 440 | H22: =IF(F22=0,0,G22/F22) -> 25.882353 | I22: ='Xodimlar va Soat narxi'!N22 -> 192960.02 | J22: =G22*I22 -> 84902407 | K22: =IF(Settings!$B$8*42=0,0,G22/(Settings!$B$8*42)) -> 0.05952381 | L22: =IF(K22>=0.8,"★★★★★",IF(K22>=0.6,"★★★★",IF(K22>=0.4,"★★★",IF(K22>=0.2,"★★","★")))) -> ★ | M22: Smeta aniqligi (plan vs fakt farqi <5%) | N22: =I22/Settings!$B$4 -> 15.016344 | O22: =J22/Settings!$B$4 -> 6607.1912
B23: 🔧 KONSTRUKTOR
B24: 14 | C24: Xolmatov Ulugbek | D24: BIM/Konstruktor lead | E24: Konstruktor | F24: =COUNTIF('Proekt vaqt va Risk'!Q4:Q23,">0") -> 16 | G24: =SUM('Proekt vaqt va Risk'!Q4:Q23) -> 480 | H24: =IF(F24=0,0,G24/F24) -> 30 | I24: ='Xodimlar va Soat narxi'!N24 -> 214096.38 | J24: =G24*I24 -> 1.0276626e+08 | K24: =IF(Settings!$B$8*42=0,0,G24/(Settings!$B$8*42)) -> 0.064935065 | L24: =IF(K24>=0.8,"★★★★★",IF(K24>=0.6,"★★★★",IF(K24>=0.4,"★★★",IF(K24>=0.2,"★★","★")))) -> ★ | M24: Konstruktiv hisob aniqligi, muddat | N24: =I24/Settings!$B$4 -> 16.661197 | O24: =J24/Settings!$B$4 -> 7997.3745
B25: 15 | C25: Tursunov Sherzod | D25: Konstruktor | E25: Konstruktor | F25: =COUNTIF('Proekt vaqt va Risk'!R4:R23,">0") -> 18 | G25: =SUM('Proekt vaqt va Risk'!R4:R23) -> 516 | H25: =IF(F25=0,0,G25/F25) -> 28.666667 | I25: ='Xodimlar va Soat narxi'!N25 -> 203528.2 | J25: =G25*I25 -> 1.0502055e+08 | K25: =IF(Settings!$B$8*42=0,0,G25/(Settings!$B$8*42)) -> 0.069805195 | L25: =IF(K25>=0.8,"★★★★★",IF(K25>=0.6,"★★★★",IF(K25>=0.4,"★★★",IF(K25>=0.2,"★★","★")))) -> ★ | M25: Konstruktiv hisob aniqligi, muddat | N25: =I25/Settings!$B$4 -> 15.83877 | O25: =J25/Settings!$B$4 -> 8172.8055
B27: BO'LIM KPI MEZONLARI
B28: 🏗️ Master Planning | C28: Tahlil sifati (5 ball) | Topshirish muddati (kunlarda) | Landshaft loyiha aniqligi
B29: 📐 Arxitektura | C29: Chizmalar soni (plan/fasad/qirqim) | Xatolar soni (<3) | Nazorat samaradorligi (%)
B30: 🎨 3D Vizualizatsiya | C30: Renderlar soni (oy) | Render sifati (5 ball) | O'rtacha render vaqti (soat)
B31: 🛋️ Interior Design | C31: Dizayn variantlari soni | Material aniqligi (%) | Mijoz qoniqishi (5 ball)
B32: 🖼️ Graphic Design | C32: Album/brandbook soni | Post-production tezligi | Ijodiy ball (5 ball)
B33: 💰 Smeta | C33: Smeta aniqligi (plan vs fakt <5%) | Topshirish muddati | Xatolar (<2%)
B34: 🔧 Konstruktor | C34: Hisob aniqligi (%) | Muddat bajarilishi | Xavfsizlik koeffitsiyenti
